m_N,y,sin2_2theta,omega_h2_scan,omega_h2,converged,retcode,lambda_fs_Mpc,lambda_fs_eq_Mpc,lambda_fs_free_Mpc,v_end,x_kd,lambda_fs_kd_Mpc,r_s_Mpc,x_kd3,lambda_fs_kd3_Mpc,r_s3_Mpc,x_kd_old,lambda_fs_kd_old_Mpc,r_s_old_Mpc
6.0e-7,1.0e-8,1.1899341584222952e-7,0.11946666287163793,0.11946666287163793,true,Success,2.728915998522135,1.4719872269722902,1.2569287715498443,0.027297735092772606,3.999999999999999,2.3076490570633723,0.17377233978311668,3.999999999999999,2.3076490570633723,0.17377233978311668,3.999999999999999,2.3076490570633723,0.17377233978311668
6.0e-7,1.778e-8,8.854631073351464e-8,0.11945094723009538,0.11945094723009538,true,Success,2.6356831692328853,1.4271943774226663,1.208488791810219,0.026246734439484266,3.999999999999999,2.2116635358818217,0.1712338304623309,3.999999999999999,2.2116635358818217,0.1712338304623309,3.999999999999999,2.2116635358818217,0.1712338304623309
6.0e-7,3.162e-8,5.386705496371596e-8,0.11976185064636238,0.11976185064636238,true,Success,2.594259717742581,1.4050784273395909,1.18918129040299,0.02582778683031971,3.999999999999999,2.1596170955291316,0.1676464842527003,3.999999999999999,2.1596170955291316,0.1676464842527003,3.999999999999999,2.1596170955291316,0.1676464842527003
6.0e-7,5.623e-8,2.73830808690146e-8,0.1195989001788085,0.1195989001788085,true,Success,2.6392704430522955,1.4231812267420267,1.216089216310269,0.0264116485864075,3.999999999999999,2.1868945764031427,0.16359620900216304,3.999999999999999,2.1868945764031427,0.16359620900216304,3.999999999999999,2.1868945764031427,0.16359620900216304
6.0e-7,1.0e-7,1.2307750842646483e-8,0.11967768762161565,0.11967768762161565,true,Success,2.727543406050825,1.4615367393234147,1.2660066667274106,0.027494684284484924,3.999999999999999,2.252895351942837,0.1542353144383328,3.999999999999999,2.252895351942837,0.1542353144383328,3.999999999999999,2.252895351942837,0.1542353144383328
6.0e-7,1.778e-7,5.109244575669442e-9,0.11972519646184719,0.11972519646184719,true,Success,2.81842218693238,1.5010783823086258,1.317343804623754,0.02860838435648423,3.999999999999999,2.322017260027712,0.13383972644138212,3.999999999999999,2.322017260027712,0.13383972644138212,3.999999999999999,2.322017260027712,0.13383972644138212
6.0e-7,3.162e-7,2.0114354850374195e-9,0.11984032172859163,0.11984032172859163,true,Success,2.8961636806195066,1.5350617686079235,1.3611019120115833,0.029557551498130483,3.999999999999999,2.379764677870819,0.11301986248000595,3.999999999999999,2.379764677870819,0.11301986248000595,3.999999999999999,2.379764677870819,0.11301986248000595
6.0e-7,5.623e-7,7.637234825061432e-10,0.11996597068719428,0.11996597068719428,true,Success,2.9609402582763114,1.5634185909314036,1.3975216673449078,0.030347457685977654,3.999999999999999,2.4261265502334433,0.09675789834718403,3.999999999999999,2.4261265502334433,0.09675789834718403,3.999999999999999,2.4261265502334433,0.09675789834718403
6.0e-7,1.0e-6,2.823733139492767e-10,0.12000173189441415,0.12000173189441415,true,Success,3.0152014817676207,1.5870339962283886,1.4281674855392323,0.03101207319700458,3.999999999999999,2.4637690919018547,0.08580403858598178,3.999999999999999,2.4637690919018547,0.08580403858598178,3.999999999999999,2.4637690919018547,0.08580403858598178
6.0e-7,1.778e-6,1.023826355672509e-10,0.12016820506536574,0.12016820506536574,true,Success,3.0606814082510048,1.6069189602671223,1.4537624479838829,0.03156710787808976,3.999999999999999,2.495110670873009,0.07579693200671868,3.999999999999999,2.495110670873009,0.07579693200671868,3.999999999999999,2.495110670873009,0.07579693200671868
6.0e-7,3.162e-6,3.653479914246091e-11,0.11999044945455895,0.11999044945455895,true,Success,3.10087668883419,1.6242701927234582,1.476606496110732,0.03206245447645626,3.999999999999999,2.5206332301583982,0.06730531156583199,3.999999999999999,2.5206332301583982,0.06730531156583199,3.999999999999999,2.5206332301583982,0.06730531156583199
6.0e-7,5.623e-6,1.2877190959766016e-11,0.11989794546064371,0.11989794546064371,true,Success,3.135904525964268,1.6394276426510583,1.4964768833132098,0.03249329449132282,3.999999999999999,2.5422955791799833,0.060799656210852294,3.999999999999999,2.5422955791799833,0.060799656210852294,6.022328921952958,2.5887295965535437,0.15864990429006948
6.0e-7,1.0e-5,4.492228348873167e-12,0.11997952019064823,0.11997952019064823,true,Success,3.1677780130160977,1.6530955595954506,1.5146824534206471,0.03288801538784857,3.999999999999999,2.5620451260911534,0.05517583461934651,3.999999999999999,2.5620451260911534,0.05517583461934651,16.84885399585292,2.2531991903239827,0.4660172004549505
6.0e-7,1.778e-5,1.554492004074947e-12,0.11997108086878129,0.11997108086878129,true,Success,3.197225294647716,1.6655246107359545,1.5317006839117615,0.03325697419427108,3.999999999999999,2.5779340062468865,0.049154758484521305,3.999999999999999,2.5779340062468865,0.049154758484521305,52.402306687916905,1.8083254646188813,0.8492855621965446
6.0e-7,3.162e-5,5.338605011769609e-13,0.11998102399648876,0.11998102399648876,true,Success,3.221582813866285,1.6761557057948393,1.5454271080714457,0.03355455243700646,3.999999999999999,2.591945695531349,0.04429944522730225,3.999999999999999,2.591945695531349,0.04429944522730225,161.97892531470302,1.3467448309674366,1.2332634269681173
6.0e-7,5.623e-5,1.8217805649951017e-13,0.11991929555777561,0.11991929555777561,true,Success,3.2450570760812605,1.68607635529953,1.5589807207817308,0.03384837230770535,14.032449739683695,2.392102060034033,0.39844594044513554,7.565504612765459,2.6270501052500363,0.20275998150924657,484.66713216233467,0.9308431809457706,1.5833431851099486
6.0e-7,0.0001,6.173774047959671e-14,0.12010700554367416,0.12010700554367416,true,Success,3.264135847832689,1.6940205012972742,1.570115346535415,0.03408974359568459,45.80440651545487,1.9107564589712325,0.8053310617757754,26.367553096321288,2.147089791314562,0.612068350359893,1373.0240522213317,0.5920691703939879,1.867630759561993
6.0e-7,0.0001778,2.0684526644592763e-14,0.11996851950671648,0.11996851950671648,true,Success,3.2697082677175406,1.6951299124123882,1.5745783553051524,0.03418648835585602,142.09689795772533,1.4266903459187132,1.1967655309059173,83.13568637599644,1.6571725127188968,1.0129564662968007,3675.479547941989,0.3465084034573736,2.070253424048709
6.0e-7,0.0003162,6.763140045405561e-15,0.11958416949163297,0.11958416949163297,true,Success,3.250357925362588,1.68395949112558,1.5663984342370083,0.034009170973958176,424.30584059826424,0.9844758254025773,1.5415478383348569,252.69741848702816,1.184673936390935,1.3796572507564857,9474.995439392324,0.1812009247185471,2.191293517348578
6.0e-7,0.0005623,2.132204738428142e-15,0.11994348937715965,0.11994348937715965,true,Success,3.3065390604849103,1.702699609059977,1.6038394514249332,0.03482074927542753,1220.4775384747988,0.6404868573434688,1.869878513521874,747.0836600842267,0.8013378194758426,1.7397694581917864,24358.833379938256,0.07604255243596497,2.326457820884836
6.0e-7,0.001,6.241288964746369e-16,0.11981396877372678,0.11981396877372678,true,Success,3.7616386695630823,1.8850967523557098,1.8765419172073727,0.0407289241271737,3504.4281810180714,0.42490572464737053,2.410212749069832,2201.383347640002,0.5539951418199921,2.3057870711508426,65455.53868087682,0.004367486243260742,2.7504043852067332
6.0e-7,0.001778,1.4589081983109427e-16,0.1146248994559915,0.1146248994559915,true,Success,4.44354476928573,2.1439861522350743,2.299558617050656,0.04988187156273763,9676.981456359508,0.2615885638134835,3.099656220384791,6168.508354365197,0.3628079213910096,3.01777224494228,175442.01919937972,0.0,3.3584344772789945
6.0e-7,0.003162,3.0620278087676166e-17,0.12037343839467145,0.12037343839467145,true,Success,5.431909485968116,2.496136533689589,2.9357729522785267,0.06361465608037069,27675.0495671612,0.11821681406870549,4.0299262403636895,17762.229034499418,0.19644248491467084,3.966642203318574,Inf,0.0,4.202368588432373
6.0e-7,0.005623,8.2851724444134e-18,0.12058397516119022,0.12054062305623776,false,Success,6.5393646457094485,2.863776435223912,3.675588210485536,0.07952128127570035,76383.41906227324,0.0,5.007155502695592,49148.566280740844,0.04859249391070609,4.959096945907083,Inf,0.0,5.09449567745814
6.0e-7,0.01,2.4183351390288135e-18,0.12059709868621131,0.12062346892372265,false,Success,7.873673410447821,3.269002496405119,4.604670914042702,0.09937893854463803,210079.156337915,0.0,6.141877567282183,135306.5558782797,0.0,6.105509005199719,Inf,0.0,6.153968530101452
6.0e-7,0.01778,7.520919719074775e-19,0.12026393833606543,0.12021145331679123,false,Success,9.45946289680447,3.699960476740207,5.759502420064262,0.12383533332977263,Inf,0.0,7.400936497015781,Inf,0.0,7.400936497015781,Inf,0.0,7.400936497015781
6.0e-7,0.03162,2.379463641487568e-19,0.11829551631296856,0.118288479849957,false,Success,11.299613530175145,4.133039103958394,7.1665744262167514,0.15322062591699745,Inf,0.0,8.834308160145733,Inf,0.0,8.834308160145733,Inf,0.0,8.834308160145733
7.788000000000001e-7,5.623e-8,2.630916838212876e-8,0.11998060468710886,0.11998060468710886,true,Success,2.0659124838889906,1.0841837533739478,0.9817287305150427,0.02583236467655589,4.0,1.725397232523093,0.12847425440097135,4.0,1.725397232523093,0.12847425440097135,4.0,1.725397232523093,0.12847425440097135
7.788000000000001e-7,1.0e-7,1.272839132526321e-8,0.11938332460543333,0.11938332460543333,true,Success,2.1215271193586087,1.1067045924333558,1.0148225269252529,0.026702326026386922,4.0,1.7647895588742206,0.12472529938138932,4.0,1.7647895588742206,0.12472529938138932,4.0,1.7647895588742206,0.12472529938138932
7.788000000000001e-7,1.778e-7,5.552368818222935e-9,0.11959688412659858,0.11959688412659858,true,Success,2.195000933115684,1.1378486811800694,1.057152251935615,0.027814957143056138,4.0,1.821006942702611,0.11445109730168868,4.0,1.821006942702611,0.11445109730168868,4.0,1.821006942702611,0.11445109730168868
7.788000000000001e-7,3.162e-7,2.2591755371040577e-9,0.11981128390230944,0.11981128390230944,true,Success,2.264969721769737,1.1673761475381712,1.0975935742315657,0.028877819107776096,4.0,1.8744329739566763,0.09674556331997901,4.0,1.8744329739566763,0.09674556331997901,4.0,1.8744329739566763,0.09674556331997901
7.788000000000001e-7,5.623e-7,8.776601100977464e-10,0.11986830683542302,0.11986830683542302,true,Success,2.3236408915270954,1.192163839571136,1.1314770519559592,0.02976822701723715,4.0,1.917738633068022,0.08252869341941294,4.0,1.917738633068022,0.08252869341941294,4.0,1.917738633068022,0.08252869341941294
7.788000000000001e-7,1.0e-6,3.300313894544125e-10,0.11992572390027004,0.11992572390027004,true,Success,2.373257443928,1.2129285011170405,1.1603289428109593,0.030526335512693934,4.0,1.9520389155553586,0.07193005163054762,4.0,1.9520389155553586,0.07193005163054762,4.0,1.9520389155553586,0.07193005163054762
7.788000000000001e-7,1.778e-6,1.2120106677333068e-10,0.11984091641252577,0.11984091641252577,true,Success,2.4129981438402033,1.229775546560603,1.1832225972796,0.0311278346986012,4.0,1.9803390018203937,0.06322520659441866,4.0,1.9803390018203937,0.06322520659441866,4.0,1.9803390018203937,0.06322520659441866
7.788000000000001e-7,3.162e-6,4.3694699144177004e-11,0.11997616555193075,0.11997616555193075,true,Success,2.4491459853944746,1.2447860267388164,1.2043599586556588,0.03168314843293462,4.0,2.0035392608292453,0.05630412449644354,4.0,2.0035392608292453,0.05630412449644354,4.0,2.0035392608292453,0.05630412449644354
7.788000000000001e-7,5.623e-6,1.5525610417598467e-11,0.11989445026198275,0.11989445026198275,true,Success,2.4802601648865474,1.2576587084234143,1.2226014564631333,0.03216235058469952,4.0,2.0232142535578252,0.050676634254147576,4.0,2.0232142535578252,0.050676634254147576,4.749653675036848,2.062006987761757,0.07912595080642891
7.788000000000001e-7,1.0e-5,5.452077149360351e-12,0.11975002753487504,0.11975002753487504,true,Success,2.5068467856596217,1.26877985292208,1.238066932737542,0.032568603076413134,4.0,2.0398313301168405,0.045629322194364955,4.0,2.0398313301168405,0.045629322194364955,13.09373936457286,1.8823345284472313,0.2972610893718963
7.788000000000001e-7,1.778e-5,1.8975805584037414e-12,0.12020748407568199,0.12020748407568199,true,Success,2.531134669876126,1.2788705465834562,1.2522641232926695,0.032941520272294154,4.0,2.054364081493081,0.041290316117440704,4.0,2.054364081493081,0.041290316117440704,40.47359676846785,1.549377626266671,0.5860204776969536
7.788000000000001e-7,3.162e-5,6.547313288263366e-13,0.12003001896266523,0.12003001896266523,true,Success,2.5529617211693454,1.2878868658994134,1.2650748552699322,0.03327800315460803,4.0,2.067313795395351,0.03662117680132993,4.0,2.067313795395351,0.03662117680132993,126.10004642359839,1.1911095974538473,0.8856672850077746
7.788000000000001e-7,5.623e-5,2.2434699724408356e-13,0.11992699746701492,0.11992699746701492,true,Success,2.572609536869606,1.295953354914954,1.2766561819546522,0.033582181453799965,10.534480519987655,2.0044315078855384,0.2360020309625087,5.347485189560271,2.1445467323331027,0.08523770774595714,384.41551912698895,0.854146507755599,1.170061345643243
7.788000000000001e-7,0.0001,7.63073563890983e-14,0.11995031864134696,0.11995031864134696,true,Success,2.589383583574166,1.302724191227115,1.286659392347051,0.03384490091961112,35.20874048875026,1.6365195603041771,0.5496282016227105,20.094668223612906,1.8168134913028853,0.40053803899153934,1118.0061712706306,0.5640603091157436,1.4143825380775867
7.788000000000001e-7,0.0001778,2.5669901611000405e-14,0.1198764836445501,0.1198764836445501,true,Success,2.5954048283313105,1.3046203772683496,1.2907844510629607,0.03395323665353659,110.42767340916541,1.2588062438629986,0.8556730938282882,64.26110294768169,1.441735826810511,0.7119526330159217,3061.9942699385206,0.34274743881852776,1.596301968357656
7.788000000000001e-7,0.0003162,8.421088528358406e-15,0.11938366188720918,0.11938366188720918,true,Success,2.579219207158761,1.2956455375931528,1.2835736695656086,0.03376386000793971,335.42417456817105,0.8998732458829453,1.1348598220121595,197.78355325405278,1.063986410841896,1.0021767917939657,7991.222642313695,0.18948221799084444,1.709480488900247
7.788000000000001e-7,0.0005623,2.649016072609929e-15,0.11971973983494084,0.11971973983494084,true,Success,2.561495167773904,1.2842451922117677,1.2772499755621365,0.03359777682505915,977.812367757393,0.5939110676808094,1.3737862574022228,590.6456355410513,0.7299606794286052,1.263738432319146,20432.224785878163,0.08979401025372581,1.7815739437766993
7.788000000000001e-7,0.001,7.589452207325101e-16,0.12044990208162451,0.12044990208162451,true,Success,2.73310161551855,1.3483469554123946,1.3847546601061553,0.036420704639712094,2796.4304640973146,0.38635983525679807,1.6860781399319416,1737.7002083357563,0.4937771943137101,1.5991845919877106,53559.07101332736,0.026770315335600547,1.9769636903467274
7.788000000000001e-7,0.001778,1.6720012296764536e-16,0.11534787983794899,0.11534787983794899,true,Success,3.1863197956536644,1.5162041099397048,1.6701156857139594,0.04390784129502008,7795.441050677431,0.25066880869423724,2.1732633264655923,4941.070711276182,0.33594979118700713,2.104273517937696,142870.34199700324,0.0,2.393630479860189
7.788000000000001e-7,0.003162,3.6922692526836376e-17,0.1270690767891904,0.12705997124555343,false,Success,3.9668399575192055,1.7933464550515685,2.173493502467637,0.057089360125268274,23075.997046113385,0.1357495468202213,2.9079997502009793,14778.708345303092,0.20276904866876458,2.853781581637312,Inf,0.0,3.0709428971229404
7.788000000000001e-7,0.005623,1.0093503211240777e-17,0.12018676780213845,0.12017781086261434,false,Success,4.6952205957473545,2.034026063767116,2.661194531980239,0.06982146173099063,61863.21888414895,0.03601548847145986,3.565458674413939,39770.63897652617,0.0867471134229828,3.524416765018269,Inf,0.0,3.6596027265376763
7.788000000000001e-7,0.01,2.9952991172755033e-18,0.12026239791092933,0.1200682368841508,false,Success,5.667645889245641,2.333182237107673,3.334463652137968,0.08731971182903017,170276.8770811497,0.0,4.398305120570449,109628.10450835162,0.0,4.367182420287246,Inf,0.0,4.4330468404732075
7.788000000000001e-7,0.01778,9.361319091787713e-19,0.11983456654325922,0.11972441017837787,false,Success,6.826408517320391,2.654669190048001,4.17173932727239,0.10892462737941921,Inf,0.0,5.346968822702746,300689.49211484723,0.0,5.342712818202366,Inf,0.0,5.346968822702746
7.788000000000001e-7,0.03162,2.9729226905614304e-19,0.1188277759944762,0.1188326027347197,false,Success,8.199354880835187,2.988938609078806,5.210416271756381,0.13543192223384717,Inf,0.0,6.422160077927949,Inf,0.0,6.422160077927949,Inf,0.0,6.422160077927949
1.011e-6,1.778e-7,5.868533284901104e-9,0.1197825207388759,0.1197825207388759,true,Success,1.705154685359683,0.8610107343984965,0.8441439509611867,0.02704428196374951,4.0,1.4240854451616578,0.09454080177436565,4.0,1.4240854451616578,0.09454080177436565,4.0,1.4240854451616578,0.09454080177436565
1.011e-6,3.162e-7,2.4966098076944114e-9,0.12115643613800171,0.12115643613800171,true,Success,1.76611864709315,0.8856384704715263,0.8804801766216236,0.02820714791211408,4.0,1.4707090220672006,0.0839098077020395,4.0,1.4707090220672006,0.0839098077020395,4.0,1.4707090220672006,0.0839098077020395
1.011e-6,5.623e-7,9.953377747499227e-10,0.11973890693875919,0.11973890693875919,true,Success,1.8177274464000783,0.9068204833407361,0.9109069630593423,0.029180772650441816,4.0,1.5097334452139746,0.0703966182482454,4.0,1.5097334452139746,0.0703966182482454,4.0,1.5097334452139746,0.0703966182482454
1.011e-6,1.0e-6,3.8207751779125427e-10,0.1199349411954797,0.1199349411954797,true,Success,1.862619324402209,0.9249812877474992,0.9376380366547096,0.03003604373361986,4.0,1.5419020585334688,0.06053728355626433,4.0,1.5419020585334688,0.06053728355626433,4.0,1.5419020585334688,0.06053728355626433
1.011e-6,1.778e-6,1.424817846223152e-10,0.1199241040538177,0.1199241040538177,true,Success,1.899490744380853,0.9399157660835581,0.959574978297295,0.03073785654917814,4.0,1.5678010953123198,0.05265779351762192,4.0,1.5678010953123198,0.05265779351762192,4.0,1.5678010953123198,0.05265779351762192
1.011e-6,3.162e-6,5.196765504742864e-11,0.11995332831688921,0.11995332831688921,true,Success,1.9306385147312415,0.9524768668091709,0.9781616479220705,0.031332437297459534,4.0,1.58908764580579,0.04716525127073914,4.0,1.58908764580579,0.04716525127073914,4.0,1.58908764580579,0.04716525127073914
1.011e-6,5.623e-6,1.8637057503550767e-11,0.11990907945343364,0.11990907945343364,true,Success,1.956692012151099,0.9631013456952437,0.993590666455855,0.03182597098421121,4.0,1.6066022904003163,0.0417178091594579,4.0,1.6066022904003163,0.0417178091594579,4.0,1.6066022904003163,0.0417178091594579
1.011e-6,1.0e-5,6.595442817670068e-12,0.11995952647249108,0.11995952647249108,true,Success,1.9802687692503445,0.9725305071101946,1.0077382621401498,0.03227848700201595,4.0,1.6212962793873658,0.03732496967145539,4.0,1.6212962793873658,0.03732496967145539,10.259343920933244,1.5555860855640928,0.18522755734573995
1.011e-6,1.778e-5,2.3094080065866587e-12,0.12010763064768964,0.12010763064768964,true,Success,2.0010382413017664,0.9808702992430985,1.0201679420586678,0.03267603218218558,4.0,1.6340821065836226,0.0333730200567341,4.0,1.6340821065836226,0.0333730200567341,31.18407794776979,1.3120886932575988,0.39900038625183226
1.011e-6,3.162e-5,8.010273085302414e-13,0.12000374652352713,0.12000374652352713,true,Success,2.019789227244938,0.9882968855797174,1.0314923416652204,0.03303820788606306,4.0,1.6450629398884498,0.029975297820703017,4.0,1.6450629398884498,0.029975297820703017,97.61399979157393,1.0378355583773824,0.6302550666005523
1.011e-6,5.623e-5,2.7569148726096854e-13,0.11988726796341381,0.11988726796341381,true,Success,2.036550030574459,0.9949534296883928,1.0415966008860664,0.03336134598175784,7.775228126158621,1.6649756328559102,0.12785777598313094,4.0,1.6547668236996897,0.02723083898077769,301.79013576366185,0.7704278561233429,0.8564386214329067
1.011e-6,0.0001,9.415337076115626e-14,0.11999909299367584,0.11999909299367584,true,Success,2.0510517860881126,1.00066616126515,1.0503856248229624,0.03364241057124185,26.987570073916313,1.3862565271055622,0.3691878566054236,15.257388726441736,1.524887680983881,0.25330064726838947,899.8358248669809,0.5282980409007451,1.0610901857096937
1.011e-6,0.0001778,3.179862344748077e-14,0.11980012831653437,0.11980012831653437,true,Success,2.0589789221322707,1.003363242977627,1.0556156791546436,0.03380965746765165,85.54047652936593,1.0979290973112361,0.6076929156005465,49.53604622466989,1.2388672636679836,0.49397451898982475,2528.8327487244987,0.3333400685673966,1.223653630687362
1.011e-6,0.0003162,1.046751761282983e-14,0.11937556901334193,0.11937556901334193,true,Success,2.047887885301178,0.9974715802269406,1.0504163050742374,0.03364339166756046,263.09753787531764,0.8100780443397523,0.8307600692010637,154.00390432775475,0.9420152916246437,0.7241351032589923,6717.465711483616,0.1925532567996113,1.3302578744965174
1.011e-6,0.0005623,3.283176453877441e-15,0.12034844641698934,0.12034844641698934,true,Success,2.015653859731697,0.9815176283478538,1.034136231383843,0.03312276189371516,782.9369535219236,0.5494485557189153,1.020509077467589,467.2391551525261,0.6633663669190044,0.9283643742376385,17288.187367204013,0.09840451276053964,1.3853719347895133
1.011e-6,0.001,9.160096763743601e-16,0.12566715811183982,0.12566715811183982,true,Success,2.046572703138175,0.9885432427779347,1.0580294603602403,0.03388684422918504,2280.152227392369,0.35174174881796627,1.2130916008005557,1399.6943983324072,0.4417576184127419,1.140274882775965,45123.28710938371,0.03898784547595096,1.4660899716630316
1.011e-6,0.001778,1.9147141007444747e-16,0.11885138368747414,0.11885138368747414,true,Success,2.302658651637189,1.0788396590804363,1.223818992556753,0.03918626558286133,6335.173539341899,0.23249567376723732,1.533303260633192,3985.0226195042387,0.3040914544809337,1.4753847324386131,117981.90551778383,0.0,1.7214052608235024
1.011e-6,0.003162,4.448571152260386e-17,0.1208401462800155,0.1208401462800155,true,Success,2.7858680070737076,1.2485922449269231,1.5372757621467843,0.04919283718570982,18087.811269202488,0.14103443423642195,2.0067452656390175,11541.184452038222,0.19747455285596782,1.961085891051062,327321.0278612453,0.0,2.1507912919222374
1.011e-6,0.005623,1.2292808874807773e-17,0.11917665627714275,0.11917656973028787,false,Success,3.353911615091874,1.4375692288320074,1.9163423862598667,0.06126617977176774,49898.17328826331,0.061526494653447505,2.5209211421635422,32031.59232348099,0.10478258318114399,2.4859269946436235,Inf,0.0,2.6145848564094076
1.011e-6,0.01,3.7165099949146875e-18,0.12030390317149468,0.12026851469651785,false,Success,4.069043653967956,1.6599918106352192,2.4090518433327364,0.07690259508881385,138339.52050959732,0.0,3.137952151171971,89022.6333440258,0.021775600701211355,3.1113459198315243,Inf,0.0,3.184094159370304
1.011e-6,0.01778,1.1668372814732337e-18,0.11999754684983445,0.12001510808690449,false,Success,4.914611385396519,1.8981709095608512,3.016440475835668,0.09606948506662241,379847.3839587244,0.0,3.8490867471326005,244649.8842567639,0.0,3.828947755398252,Inf,0.0,3.853081748631363
1.011e-6,0.03162,3.7212678322567907e-19,0.12083589699028918,0.1208628260934336,false,Success,5.947525533948998,2.1567666068274494,3.7907589271215487,0.12028847559284145,Inf,0.0,4.665312851697976,Inf,0.0,4.665312851697976,Inf,0.0,4.665312851697976
1.011e-6,0.05623,1.1957081144385432e-19,0.12021717715330336,0.12007051169868256,false,Success,7.1578267936352935,2.4180064079564367,4.739820385678857,0.14956991249091664,Inf,0.0,5.609287309869361,Inf,0.0,5.609287309869361,Inf,0.0,5.609287309869361
1.312e-6,3.162e-8,2.665046324465043e-8,0.11999511228035839,0.11999511228035839,true,Success,1.3487215346226846,0.6658548902809053,0.6828666443417795,0.026696242267002464,4.0,1.1559824209607104,0.07957039048311745,4.0,1.1559824209607104,0.07957039048311745,4.0,1.1559824209607104,0.07957039048311745
1.312e-6,5.623e-8,1.9555613136322755e-8,0.11927841719375439,0.11927841719375439,true,Success,1.307443434153432,0.6477978374630114,0.6596455966904206,0.02578928677443984,4.0,1.1129329623575062,0.0784634709699644,4.0,1.1129329623575062,0.0784634709699644,4.0,1.1129329623575062,0.0784634709699644
1.312e-6,1.0e-7,1.1804198761855898e-8,0.11971589791381597,0.11971589791381597,true,Success,1.2951840329811304,0.6412178310805663,0.6539662019005641,0.025567450324120514,4.0,1.0945158241792305,0.07721797432255542,4.0,1.0945158241792305,0.07721797432255542,4.0,1.0945158241792305,0.07721797432255542
1.312e-6,1.778e-7,5.970401506703588e-9,0.1195001305973665,0.1195001305973665,true,Success,1.3244190747844269,0.6519572967270968,0.6724617780573301,0.026289865638918608,4.0,1.1132135048968157,0.07536392512541884,4.0,1.1132135048968157,0.07536392512541884,4.0,1.1132135048968157,0.07536392512541884
1.312e-6,3.162e-7,2.67731825811088e-9,0.11956419994285848,0.11956419994285848,true,Success,1.3716502294757988,0.6704822369840062,0.7011679924917927,0.027410982089663593,4.0,1.1490721143853604,0.07121021660041528,4.0,1.1490721143853604,0.07121021660041528,4.0,1.1490721143853604,0.07121021660041528
1.312e-6,5.623e-7,1.1105162224674902e-9,0.11978553735209396,0.11978553735209396,true,Success,1.418512279806562,0.6889356628704819,0.7295766169360799,0.02852033425370465,4.0,1.1849300860235048,0.06155823825610414,4.0,1.1849300860235048,0.06155823825610414,4.0,1.1849300860235048,0.06155823825610414
1.312e-6,1.0e-6,4.3711148365451427e-10,0.11982284720801865,0.11982284720801865,true,Success,1.4579069270032077,0.7045373687931578,0.7533695582100499,0.029449331919938558,4.0,1.214660680327629,0.051327769755478266,4.0,1.214660680327629,0.051327769755478266,4.0,1.214660680327629,0.051327769755478266
1.312e-6,1.778e-6,1.6600517112454738e-10,0.11985119550774531,0.11985119550774531,true,Success,1.49081998108368,0.7175215225366941,0.7732984585469858,0.03022737599746906,4.0,1.2388817644925705,0.04470627068597346,4.0,1.2388817644925705,0.04470627068597346,4.0,1.2388817644925705,0.04470627068597346
1.312e-6,3.162e-6,6.13865674086148e-11,0.11985733975174075,0.11985733975174075,true,Success,1.5185099534844642,0.7283249352485004,0.7901850182359637,0.030886584196054452,4.0,1.2579010305577025,0.038936719000366986,4.0,1.2579010305577025,0.038936719000366986,4.0,1.2579010305577025,0.038936719000366986
1.312e-6,5.623e-6,2.2253838290502105e-11,0.11982580900211852,0.11982580900211852,true,Success,1.5423611608175225,0.7375998853874614,0.8047612754300613,0.03145555893896514,4.0,1.2737216978228358,0.03456879172635897,4.0,1.2737216978228358,0.03456879172635897,4.0,1.2737216978228358,0.03456879172635897
1.312e-6,1.0e-5,7.942735373271411e-12,0.11985870535433019,0.11985870535433019,true,Success,1.5627636082048433,0.7455064693181731,0.8172571388866702,0.031943292951879095,4.0,1.287480757683607,0.030869617118821167,4.0,1.287480757683607,0.030869617118821167,8.116601634241007,1.274403900544582,0.11289189920455388
1.312e-6,1.778e-5,2.800947185855009e-12,0.11995761730678389,0.11995761730678389,true,Success,1.5806807521716342,0.7524753424113853,0.828205409760249,0.03237059576153152,4.0,1.298642931522154,0.02741376025485533,4.0,1.298642931522154,0.02741376025485533,24.007930298438744,1.1008761524791384,0.26768196389852067
1.312e-6,3.162e-5,9.771799592650972e-13,0.11999767361718915,0.11999767361718915,true,Success,1.5965502795244408,0.7586015182842536,0.837948761240187,0.03275085066885565,4.0,1.3081491106882992,0.02497280388703765,4.0,1.3081491106882992,0.02497280388703765,75.45972337046446,0.8951640822384416,0.44531712595632
1.312e-6,5.623e-5,3.3797412234942396e-13,0.1200521521951269,0.1200521521951269,true,Success,1.6113023117086622,0.7641948124380815,0.8471074992705808,0.033108271725359836,5.552365474734863,1.357190996647548,0.058026288817411995,4.0,1.3163890787787482,0.022336594664721925,235.40192235338694,0.6838632454592121,0.6228502931502088
1.312e-6,0.0001,1.1590504329212158e-13,0.11998361373479476,0.11998361373479476,true,Success,1.6230973894837966,0.7687737857565032,0.8543236037272933,0.03338986876505931,20.60537931741513,1.1635953585452667,0.24185715018456783,11.496654498477517,1.2707025267282723,0.15359991090049818,715.522547279525,0.48660143533875905,0.7897882350978359
1.312e-6,0.0001778,3.930348692862854e-14,0.11994162958954183,0.11994162958954183,true,Success,1.631475714921038,0.7716828598280582,0.8597928550929795,0.033603290251255656,66.04893611820299,0.9444060122808808,0.4270337418258251,38.136703833732135,1.0525112166508679,0.3386991628537752,2067.60440460881,0.318688621349911,0.9303324584138439
1.312e-6,0.0003162,1.2979291516168498e-14,0.11940166024754605,0.11940166024754605,true,Success,1.6256986457508273,0.7683859712253582,0.857312674525469,0.033506509267303794,205.1007644689204,0.7183884897981844,0.6026832603713268,119.44743407409865,0.822925547654636,0.5182689032802432,5613.749013203496,0.19151425517714307,1.0288384371618484
1.312e-6,0.0005623,4.057209370498468e-15,0.12235059956682229,0.12235059956682229,true,Success,1.5955111999920593,0.7544484862028401,0.8410627137892193,0.032872375113406065,625.5542840040566,0.502204894376312,0.7570917460910802,369.54441037272136,0.5958616915586787,0.6813388028634813,14700.978881380737,0.1030359916069009,1.0799955162660113
1.312e-6,0.001,1.0918273487823975e-15,0.11999163793857164,0.11999163793857164,true,Success,1.5544716667516727,0.7341663187571388,0.8203053479945338,0.03206226473791395,1780.125047761255,0.325155942113935,0.8767247748536877,1077.5936877326471,0.400777725993101,0.8155514834635359,36900.55465143694,0.047590251549858846,1.101260637362428
1.312e-6,0.001778,2.2110452366172245e-16,0.12062475276556016,0.12062475276556016,true,Success,1.6637447415233537,0.7683147064522683,0.8954300350710854,0.034993767898993514,5081.018524222368,0.211410279556354,1.0762088036247606,3162.8967504978496,0.2709931642093066,1.028008573355716,96878.82367981013,0.012972170541908563,1.2367377025227384
1.312e-6,0.003162,5.3806667620899505e-17,0.1209000709657454,0.1209000709657454,true,Success,1.9877846909186143,0.8807961662122322,1.106988524706382,0.043242065928793046,14543.903387475972,0.13659446029264397,1.403810050820282,9232.036903812106,0.18421437086967948,1.3652862637871301,265850.36512859643,0.0,1.5265541467461519
1.312e-6,0.005623,1.5026865042975637e-17,0.11993876104010437,0.11989303061058594,false,Success,2.400630323100866,1.018376432816435,1.382253890284431,0.0539554185703514,40507.54693747509,0.07304409461670312,1.7827563777458841,25950.10876383665,0.10989156039625259,1.7529468671706856,Inf,0.0,1.8716431781832727
1.312e-6,0.01,4.615278306210175e-18,0.12016957029117212,0.12012944305182034,false,Success,2.911978488486398,1.1783434348327033,1.7336350536536944,0.06759292030304109,112194.98564712096,0.016407841292241886,2.2287586532077035,72142.02448690582,0.04451086725776901,2.2060231908414085,Inf,0.0,2.279379263470737
1.312e-6,0.01778,1.4536366204461193e-18,0.1184643535615951,0.11846622441882236,false,Success,3.509446944506602,1.3491702190352628,2.160276725471339,0.08407980330701079,306410.5290106489,0.0,2.735472619017915,197293.29445107625,0.0,2.7182656273862924,Inf,0.0,2.7529782196896164
1.312e-6,0.03162,4.65265239695879e-19,0.12068571957954669,0.12067895262440466,false,Success,4.273143519931054,1.5455105794146196,2.7276329405164343,0.10585361895166351,Inf,0.0,3.3556381514010765,Inf,0.0,3.3556381514010765,Inf,0.0,3.3556381514010765
1.312e-6,0.05623,1.4975268387999396e-19,0.12008511947631136,0.11999391772578764,false,Success,5.156496761412351,1.743539804211123,3.4129569572012275,0.13187241017415405,Inf,0.0,4.048190127186545,Inf,0.0,4.048190127186545,Inf,0.0,4.048190127186545
1.703e-6,1.778e-8,1.967455938269284e-8,0.11981724473127536,0.11981724473127536,true,Success,1.0983832148229333,0.5249426793227646,0.5734405355001686,0.02745757095665277,4.0,0.950498493268316,0.061902601143008655,4.0,0.950498493268316,0.061902601143008655,4.0,0.950498493268316,0.061902601143008655
1.703e-6,3.162e-8,1.822596802935831e-8,0.11995134253579738,0.11995134253579738,true,Success,1.0826691886690265,0.5184539231357768,0.56421526553325,0.0270163011141382,4.0,0.9347983561222443,0.061787022833876944,4.0,0.9347983561222443,0.061787022833876944,4.0,0.9347983561222443,0.061787022833876944
1.703e-6,5.623e-8,1.4950899702541786e-8,0.11907755829799893,0.11907755829799893,true,Success,1.0527264231642988,0.5062369016726919,0.5464895214916069,0.026168368506067283,4.0,0.9049029669618797,0.06115769393776419,4.0,0.9049029669618797,0.06115769393776419,4.0,0.9049029669618797,0.06115769393776419
1.703e-6,1.0e-7,1.030811476143408e-8,0.11988569408903224,0.11988569408903224,true,Success,1.0271472711385776,0.4947222086927553,0.5324250624458223,0.02549552143832828,4.0,0.8755253932095591,0.06026918641630943,4.0,0.8755253932095591,0.06026918641630943,4.0,0.8755253932095591,0.06026918641630943
1.703e-6,1.778e-7,5.795072480872032e-9,0.11959230900712293,0.11959230900712293,true,Success,1.031660219717891,0.4954338287784448,0.5362263909394464,0.025677382744900973,4.0,0.8733209867881642,0.05917406212989184,4.0,0.8733209867881642,0.05917406212989184,4.0,0.8733209867881642,0.05917406212989184
1.703e-6,3.162e-7,2.791895779603211e-9,0.11941459443169204,0.11941459443169204,true,Success,1.0628119530548445,0.5070168492261052,0.5557951038287392,0.026613522440852196,4.0,0.8961804451018132,0.05748927203404174,4.0,0.8961804451018132,0.05748927203404174,4.0,0.8961804451018132,0.05748927203404174
1.703e-6,5.623e-7,1.2139448671500266e-9,0.11960468604246009,0.11960468604246009,true,Success,1.1020746409911562,0.5218854447081228,0.5801891962830333,0.027780363580112738,4.0,0.9262292062035676,0.05274798970218832,4.0,0.9262292062035676,0.05274798970218832,4.0,0.9262292062035676,0.05274798970218832
1.703e-6,1.0e-6,4.931145880406288e-10,0.11966982291729969,0.11966982291729969,true,Success,1.1375523143219737,0.5354880051651577,0.6020643091568161,0.028826579253776297,4.0,0.9537734488761767,0.044355055954176374,4.0,0.9537734488761767,0.044355055954176374,4.0,0.9537734488761767,0.044355055954176374
1.703e-6,1.778e-6,1.9150145423472804e-10,0.1198126720975161,0.1198126720975161,true,Success,1.1674104488698052,0.5468256864256154,0.6205847624441899,0.02971224875860335,4.0,0.9756089660706262,0.03752569007452643,4.0,0.9756089660706262,0.03752569007452643,4.0,0.9756089660706262,0.03752569007452643
1.703e-6,3.162e-6,7.198631900086354e-11,0.11992222217113284,0.11992222217113284,true,Success,1.1919094742546306,0.5561635106694537,0.6357459635851769,0.030437202002629754,4.0,0.9935792941233283,0.032517946322285905,4.0,0.9935792941233283,0.032517946322285905,4.0,0.9935792941233283,0.032517946322285905
1.703e-6,5.623e-6,2.6424966664930895e-11,0.11995190361354718,0.11995190361354718,true,Success,1.2128545045930705,0.5640547518802665,0.6487997527128039,0.03106133258535714,4.0,1.007807767222315,0.028702186913534707,4.0,1.007807767222315,0.028702186913534707,4.0,1.007807767222315,0.028702186913534707
1.703e-6,1.0e-5,9.524334361074093e-12,0.11996542242329906,0.11996542242329906,true,Success,1.2311305635932452,0.5708662980223215,0.6602642655709237,0.03160943434872419,4.0,1.0196884134627628,0.025680066785771564,4.0,1.0196884134627628,0.025680066785771564,6.486936950811416,1.0332177259557822,0.06659960186420003
1.703e-6,1.778e-5,3.3852221076819532e-12,0.11998243195229273,0.11998243195229273,true,Success,1.246550705579828,0.5766774058366972,0.6698732997431307,0.03206879757978953,4.0,1.0295569732919205,0.022777963858356114,4.0,1.0295569732919205,0.022777963858356114,18.49220050048433,0.9145495979075252,0.1763918489316234
1.703e-6,3.162e-5,1.1886475404620802e-12,0.12003681630336466,0.12003681630336466,true,Success,1.2599376067210728,0.5817323731969076,0.6782052335241652,0.03246708552323313,4.0,1.0379471181386992,0.020570196812053604,4.0,1.0379471181386992,0.020570196812053604,58.117465873170346,0.761367651828844,0.3110628720161232
1.703e-6,5.623e-5,4.1335052777667235e-13,0.12000019129595531,0.12000019129595531,true,Success,1.2725870328799698,0.5863919469924973,0.6861950858874726,0.03284900071774456,4.0,1.0454385719974582,0.01867040612358888,4.0,1.0454385719974582,0.01867040612358888,182.38477064250554,0.5977099217922308,0.4491604119691279
1.703e-6,0.0001,1.42397090359718e-13,0.119988572407144,0.119988572407144,true,Success,1.2834866699300944,0.590365812527908,0.6931208574021863,0.033180036493157754,15.642103737156805,0.9694312300530866,0.15435681760998132,8.545257001595713,1.051181568712052,0.08650525912797316,563.2678661833121,0.4408510409777784,0.5825803262271634
1.703e-6,0.0001778,4.8481963196266913e-14,0.11992322799557191,0.11992322799557191,true,Success,1.2906641448745666,0.5929114394089692,0.6977527054655974,0.03340141952309266,50.799978107005465,0.8028739960012321,0.2962279876222515,29.189071079631198,0.8853963764685817,0.22864819655541369,1668.5208570952186,0.29974341946801064,0.7009635160933758
1.703e-6,0.0003162,1.6059150250457634e-14,0.11931737327152175,0.11931737327152175,true,Success,1.2882116815742508,0.59129474252682,0.6969169390474307,0.033361473875054684,158.9545925312969,0.6275494756045387,0.43405559519746206,92.27478543354444,0.7097945190655254,0.3681238554224191,4647.149058562988,0.1869839840220116,0.790367485922729
1.703e-6,0.0005623,4.995819688773298e-15,0.12498314198851354,0.12498314198851354,true,Success,1.2640235394381745,0.5804167379914563,0.6836068014467181,0.03272528288416227,496.69395346261786,0.45221534640711525,0.5599923392309298,291.16555338252715,0.5277354061301305,0.49891486014247605,12483.871355904417,0.10467392268678109,0.8411342628965479
1.703e-6,0.001,1.2904308440194607e-15,0.12354588683132803,0.12354588683132803,true,Success,1.20919758365205,0.5561963352787991,0.653001248373251,0.0312622046430585,1437.652734867393,0.29786044600072353,0.6491144799274374,859.7200913717346,0.36075259790209435,0.5982385135842503,31415.112977429064,0.05192420011320422,0.8480658899225051
1.703e-6,0.001778,2.582870514062042e-16,0.11949373367041562,0.11949373367041562,true,Success,1.209027280223973,0.5500777126119544,0.6589495676120188,0.031546582555587746,4003.7462622869466,0.19058848944966736,0.7538469430415257,2460.621799767016,0.2397265174203606,0.7140963213742381,78969.8730462155,0.020499230579657694,0.8914423461075116
1.703e-6,0.003162,6.511264416994866e-17,0.12076722632631436,0.12076722632631436,true,Success,1.4155823895726187,0.6205757482389156,0.795006641333703,0.03804809012257011,11622.619364328923,0.12727064706112592,0.9757580551671949,7321.708992451583,0.16713890517108312,0.943505375791318,215713.09015010565,0.0,1.0801078161109072
1.703e-6,0.005623,1.8571727840918624e-17,0.12051955492868907,0.12051955492868907,true,Success,1.7123532897568856,0.7194707918213973,0.9928824979354886,0.0474912283628125,32781.59425545493,0.07621023480249779,1.252718105402655,20931.064488773078,0.10748783260565777,1.2274146601587637,592528.1942669433,0.0,1.3324641841841935
1.703e-6,0.01,5.737874792456419e-18,0.12003942001188002,0.12003725143828456,false,Success,2.0767095027460516,0.8338752934693024,1.2428342092767493,0.05939365927101387,90884.89080834719,0.03156659213359358,1.5744718564543574,58359.6671145282,0.05554534616001618,1.5550729692469134,Inf,0.0,1.6252862714646432
1.703e-6,0.01778,1.8168757356311373e-18,0.12112565679180785,0.12104976467150434,false,Success,2.5275940734392135,0.9643146564951288,1.5632794169440845,0.07460022079114802,251800.4071049159,0.0,1.9594939261790925,162051.48317755267,0.00890899767429124,1.9447388565436647,Inf,0.0,1.9837173736748526
1.703e-6,0.03162,5.819419435647679e-19,0.12028377781090313,0.12024765359366656,false,Success,3.0573408152640975,1.1026912134104665,1.954649601853631,0.09307278645574615,689924.810151472,0.0,2.4021521949764413,444390.26191275916,0.0,2.390990436679545,Inf,0.0,2.4027081215109773
1.703e-6,0.05623,1.8762185881493532e-19,0.12008728026230359,0.12008534811924126,false,Success,3.7014465515675243,1.2518697744247778,2.449576777142746,0.1162392910299293,Inf,0.0,2.9098178295246773,Inf,0.0,2.9098178295246773,Inf,0.0,2.9098178295246773
2.21e-6,1.0e-8,1.2621876973852425e-8,0.11964917910630313,0.11964917910630313,true,Success,0.8719474244841459,0.4048929684830559,0.4670544560010901,0.02748920552152771,3.999999999999999,0.7577956913211118,0.04787178424668258,3.999999999999999,0.7577956913211118,0.04787178424668258,3.999999999999999,0.7577956913211118,0.04787178424668258
2.21e-6,1.778e-8,1.2465561256919437e-8,0.11975343086027122,0.11975343086027122,true,Success,0.8694520061647861,0.40393196209117754,0.4655200440736086,0.02739899115999441,3.999999999999999,0.7553965025732389,0.04783130190108002,3.999999999999999,0.7553965025732389,0.04783130190108002,3.999999999999999,0.7553965025732389,0.04783130190108002
2.21e-6,3.162e-8,1.1994606736750094e-8,0.11995772287373885,0.11995772287373885,true,Success,0.86227885176711,0.40111443716371964,0.46116441460339036,0.027142900728466438,3.999999999999999,0.7485969280695838,0.047711692964241055,3.999999999999999,0.7485969280695838,0.047711692964241055,3.999999999999999,0.7485969280695838,0.047711692964241055
2.21e-6,5.623e-8,1.0716505162401965e-8,0.11966662401799287,0.11966662401799287,true,Success,0.8464756271299617,0.3947076096030164,0.45176801752694523,0.026590411390545625,3.999999999999999,0.7323060879177745,0.04754094780122798,3.999999999999999,0.7323060879177745,0.04754094780122798,3.999999999999999,0.7323060879177745,0.04754094780122798
2.21e-6,1.0e-7,8.332429461362588e-9,0.11996457327972597,0.11996457327972597,true,Success,0.8223372953322515,0.38485084190020835,0.4374864534320431,0.02575061841631486,3.999999999999999,0.7072502178244955,0.04696015963911515,3.999999999999999,0.7072502178244955,0.04696015963911515,3.999999999999999,0.7072502178244955,0.04696015963911515
2.21e-6,1.778e-7,5.2991868812927596e-9,0.1197911760590318,0.1197911760590318,true,Success,0.8101253316150494,0.37932240354527336,0.4308029280697761,0.025357583229937652,3.999999999999999,0.6919426780765263,0.04619900795434629,3.999999999999999,0.6919426780765263,0.04619900795434629,3.999999999999999,0.6919426780765263,0.04619900795434629
2.21e-6,3.162e-7,2.7997703418369287e-9,0.11952874120012869,0.11952874120012869,true,Success,0.8246064858707324,0.3839966084683664,0.4406098774023659,0.025934290495028572,3.999999999999999,0.6997617885752426,0.045298727348039615,3.999999999999999,0.6997617885752426,0.045298727348039615,3.999999999999999,0.6997617885752426,0.045298727348039615
2.21e-6,5.623e-7,1.2931048221712817e-9,0.11952129071878978,0.11952129071878978,true,Success,0.8538139971789157,0.3947295415622099,0.45908445561670574,0.027020606300249772,3.999999999999999,0.7220181716664912,0.0434870692659769,3.999999999999999,0.7220181716664912,0.0434870692659769,3.999999999999999,0.7220181716664912,0.0434870692659769
2.21e-6,1.0e-6,5.468071499208649e-10,0.11957209463244581,0.11957209463244581,true,Success,0.8848675503168223,0.4061187431217397,0.47874880719508267,0.028176732973001113,3.999999999999999,0.7461054230005552,0.03861583083427956,3.999999999999999,0.7461054230005552,0.03861583083427956,3.999999999999999,0.7461054230005552,0.03861583083427956
2.21e-6,1.778e-6,2.1825351315724008e-10,0.11985785079594831,0.11985785079594831,true,Success,0.9116828931542705,0.41601014740942965,0.4956727457448409,0.02917161501745054,3.999999999999999,0.7662723638809968,0.03237360900640261,3.999999999999999,0.7662723638809968,0.03237360900640261,3.999999999999999,0.7662723638809968,0.03237360900640261
2.21e-6,3.162e-6,8.364660889819538e-11,0.11975811425991542,0.11975811425991542,true,Success,0.9338412189062117,0.42417759642297653,0.5096636224832352,0.029993983427311615,3.999999999999999,0.7824972485713981,0.02757206495808449,3.999999999999999,0.7824972485713981,0.02757206495808449,3.999999999999999,0.7824972485713981,0.02757206495808449
2.21e-6,5.623e-6,3.116377734184215e-11,0.11994338585815749,0.11994338585815749,true,Success,0.9523943861385222,0.4309741189205801,0.5214202672179421,0.030684959796237428,3.999999999999999,0.7958920031856543,0.02413406704898638,3.999999999999999,0.7958920031856543,0.02413406704898638,3.999999999999999,0.7958920031856543,0.02413406704898638
2.21e-6,1.0e-5,1.135921974809788e-11,0.1199854998914891,0.1199854998914891,true,Success,0.9682565969067128,0.4367403809758895,0.5315162159308234,0.031278282169193,3.999999999999999,0.8063218813369913,0.021432523715014147,3.999999999999999,0.8063218813369913,0.021432523715014147,5.1708270275435435,0.8236149809917283,0.03688969881786886
2.21e-6,1.778e-5,4.073673125200626e-12,0.11984531736064026,0.11984531736064026,true,Success,0.9816643664632937,0.4416315188778241,0.5400328475854697,0.03177875443355275,3.999999999999999,0.815384639207622,0.019055468828705676,3.999999999999999,0.815384639207622,0.019055468828705676,14.321796998333479,0.7542175757139944,0.11437137773411836
2.21e-6,3.162e-5,1.4408634416531042e-12,0.11986280600288729,0.11986280600288729,true,Success,0.9936529614110401,0.4459556292056557,0.5476973322053845,0.03222912222926821,3.999999999999999,0.8227472847832525,0.017137201402950258,3.999999999999999,0.8227472847832525,0.017137201402950258,44.71277275981375,0.6408946727749493,0.21564186526186072
2.21e-6,5.623e-5,5.040433434640324e-13,0.11988341736516647,0.11988341736516647,true,Success,1.0038503231662095,0.4496682279964959,0.5541820951697136,0.03261014755847255,3.999999999999999,0.8290631880019068,0.015422184890531359,3.999999999999999,0.8290631880019068,0.015422184890531359,140.75721807028705,0.5154033383949317,0.3215762135773785
2.21e-6,0.0001,1.744943610898979e-13,0.11994534638594373,0.11994534638594373,true,Success,1.0133344749189073,0.4530249637650144,0.5603095111538929,0.03297015782196275,11.773888079994157,0.802017675410628,0.0944017312442806,6.196531336381409,0.8594605937907068,0.042400625530308544,439.53107660304227,0.3925911276782029,0.42685689328179444
2.21e-6,0.0001778,5.96574163099693e-14,0.11992444593740377,0.11992444593740377,true,Success,1.0202122251736905,0.45537352092597255,0.564838704247718,0.03323625445642653,39.05252919748983,0.6758670985780643,0.2032668991306924,22.303673422578623,0.7391269956804228,0.15089062320589153,1330.6505904563314,0.2772592067836287,0.5245419471810931
2.21e-6,0.0003162,1.981731190387715e-14,0.11949256102919968,0.11949256102919968,true,Success,1.0199401372519576,0.4548248647623955,0.5651152724895621,0.03325250291478872,122.95059922381938,0.5412365157711128,0.3109919023660291,71.2626598962819,0.6064543059544841,0.2593560266536524,3811.0855969588156,0.17949480565459985,0.603500906851702
2.21e-6,0.0005623,6.11042184970878e-15,0.12013964378775728,0.12013964378775728,true,Success,1.0010507075744544,0.44659525822267576,0.5544554493517787,0.032626208597800035,380.19675398622826,0.4043959361478375,0.40861785050214033,221.6152562994243,0.46442022889801704,0.36008318614703827,10273.967830539998,0.10555554242785121,0.650362598112722
2.21e-6,0.001,1.510008761007883e-15,0.1282244083072077,0.1282244083072077,true,Success,0.9464241201254765,0.4234866494991776,0.522937470626299,0.03077412635791879,1156.8798331933453,0.2699446963828464,0.48152065214307493,684.6258510003506,0.32133886098596076,0.4399460294167139,26852.407678516705,0.05404375767954407,0.6561764745940301
2.21e-6,0.001778,3.059201724266176e-16,0.11874373217146947,0.11874373217146947,true,Success,0.9013018842104655,0.4022346434462288,0.4990672407642368,0.02937114747643847,3161.044033524286,0.17261266477394172,0.538742239255066,1916.334184501125,0.21316998643181712,0.5059329923523859,65181.252851705205,0.024683028338612314,0.6584117425109839
2.21e-6,0.003162,7.889231340947452e-17,0.120915642796118,0.120915642796118,true,Success,1.0132126434111548,0.439118406253723,0.5740942371574319,0.0337799992999771,9253.699866673516,0.11593995494826086,0.6784478985826651,5771.621967887139,0.14906660762981727,0.6516491572665244,175664.88976595755,0.006115627549506836,0.7672934230042987
2.21e-6,0.005623,2.2984358899481318e-17,0.12022081692690978,0.12022081692690978,true,Success,1.2164166623894364,0.5066271903382441,0.7097894720511922,0.04174662533413438,26330.46363929794,0.07436422871613058,0.8736200654012569,16728.490786000588,0.10076861712095361,0.8522590793870273,480406.6016694819,0.0,0.9415528980634883
2.21e-6,0.01,7.138170060234789e-18,0.11999204589307783,0.11999067690560522,false,Success,1.4780542670711445,0.5889789007348777,0.8890753663362669,0.05225490818289446,73543.34936472331,0.03881762984726303,1.1080060468929651,47127.44314677756,0.059243087145574226,1.0914818089204685,Inf,0.0,1.1565270538407977
2.21e-6,0.01778,2.267455117714598e-18,0.12073978338718036,0.12070776743001731,false,Success,1.8003144040764398,0.6830135873590724,1.1173008167173675,0.06559569430017452,204013.77572699267,0.0069804735995525,1.3858072529487844,131194.84877949423,0.022561964587954706,1.3732017268196521,Inf,0.0,1.4129538469165652
2.21e-6,0.03162,7.279735681290634e-19,0.12018767943222503,0.12018861844332175,false,Success,2.1832744010491374,0.784755992828332,1.398518408220805,0.08196521922993165,560446.8402874764,0.0,1.7080977293478807,360863.5899100249,0.0,1.6985455064830377,Inf,0.0,1.716588193733571
2.21e-6,0.05623,2.350179230078879e-19,0.1200304699255997,0.12003604981863394,false,Success,2.648248764749917,0.8954847286047906,1.7527640361451262,0.1024515149790216,Inf,0.0,2.0838478764260335,Inf,0.0,2.0838478764260335,Inf,0.0,2.0838478764260335
2.869e-6,1.778e-8,7.892376329395102e-9,0.11982854561368876,0.11982854561368876,true,Success,0.6853780950162932,0.3099313997564244,0.3754466952598688,0.02720458272116251,4.0,0.5975887011312739,0.03689317385083777,4.0,0.5975887011312739,0.03689317385083777,4.0,0.5975887011312739,0.03689317385083777
2.869e-6,3.162e-8,7.72150029024306e-9,0.11962903182136043,0.11962903182136043,true,Success,0.6826607116601537,0.3088798698521346,0.37378084180801924,0.027084002081870614,4.0,0.5948574472662596,0.03695024722293695,4.0,0.5948574472662596,0.03695024722293695,4.0,0.5948574472662596,0.03695024722293695
2.869e-6,5.623e-8,7.2923594185504315e-9,0.11990996721813355,0.11990996721813355,true,Success,0.6750828667702986,0.3059953156549203,0.3690875511153783,0.02674427534184901,4.0,0.5874934484094982,0.03681739221670599,4.0,0.5874934484094982,0.03681739221670599,4.0,0.5874934484094982,0.03681739221670599
2.869e-6,1.0e-7,6.224315239980814e-9,0.1193655242412217,0.1193655242412217,true,Success,0.6597177842840202,0.3000288424750246,0.35968894180899563,0.026063911865406082,4.0,0.5719115102658842,0.03651012068232469,4.0,0.5719115102658842,0.03651012068232469,4.0,0.5719115102658842,0.03651012068232469
2.869e-6,1.778e-7,4.51803042065077e-9,0.11991588700150968,0.11991588700150968,true,Success,0.6433928170947605,0.2932179326736114,0.350174884421149,0.025375138819431636,4.0,0.5536678112194102,0.03602278128774877,4.0,0.5536678112194102,0.03602278128774877,4.0,0.5536678112194102,0.03602278128774877
2.869e-6,3.162e-7,2.668814186992454e-9,0.11966857466689011,0.11966857466689011,true,Success,0.6423675609187973,0.29224986936291625,0.3501176915558811,0.025370998167012306,4.0,0.5491831547900221,0.035437744042442654,4.0,0.5491831547900221,0.035437744042442654,4.0,0.5491831547900221,0.035437744042442654
2.869e-6,5.623e-7,1.3331596372051733e-9,0.1194943661472137,0.1194943661472137,true,Success,0.6606910719123489,0.29846202097516655,0.3622290509371823,0.02624779498580327,4.0,0.5621264355408035,0.03461622356310022,4.0,0.5621264355408035,0.03461622356310022,4.0,0.5621264355408035,0.03461622356310022
2.869e-6,1.0e-6,5.93519532900896e-10,0.11956226940038847,0.11956226940038847,true,Success,0.6858841910168315,0.3074295946826454,0.37845459633418616,0.027422301461308248,4.0,0.5813027724843507,0.03267209799542329,4.0,0.5813027724843507,0.03267209799542329,4.0,0.5813027724843507,0.03267209799542329
2.869e-6,1.778e-6,2.451482340655062e-10,0.11971592212347312,0.11971592212347312,true,Success,0.7093354633540078,0.315863722806867,0.3934717405471409,0.028509192966831593,4.0,0.5995074664000183,0.02794691241946677,4.0,0.5995074664000183,0.02794691241946677,4.0,0.5995074664000183,0.02794691241946677
2.869e-6,3.162e-6,9.623576307121322e-11,0.11984918047723563,0.11984918047723563,true,Success,0.7292128622745887,0.32300782994605287,0.40620503232853583,0.029430674639060305,4.0,0.6145558731327644,0.023467640093165234,4.0,0.6145558731327644,0.023467640093165234,4.0,0.6145558731327644,0.023467640093165234
2.869e-6,5.623e-6,3.6470428830298844e-11,0.11979276098418366,0.11979276098418366,true,Success,0.746020818689383,0.32895041914366385,0.4170703995457191,0.030216894524785876,4.0,0.626775334599937,0.020162935918027685,4.0,0.626775334599937,0.020162935918027685,4.0,0.626775334599937,0.020162935918027685
2.869e-6,1.0e-5,1.347198109370707e-11,0.11989348088908501,0.11989348088908501,true,Success,0.7597807081576533,0.3338387451394551,0.42594196301819814,0.03085878354377698,4.0,0.6361519642893421,0.017864017582685257,4.0,0.6361519642893421,0.017864017582685257,4.0,0.6361519642893421,0.017864017582685257
2.869e-6,1.778e-5,4.88095507821792e-12,0.11998451679828556,0.11998451679828556,true,Success,0.7718155867025795,0.3380669490480933,0.4337486376544862,0.03142357934805225,4.0,0.6441770761232318,0.01571589472194866,4.0,0.6441770761232318,0.01571589472194866,11.15927425159982,0.6167612948897967,0.07240874244108149
2.869e-6,3.162e-5,1.7405038789057652e-12,0.12007705705050707,0.12007705705050707,true,Success,0.7819965504712785,0.34164333252979295,0.4403532179414855,0.03190137296441179,4.0,0.6508771587470118,0.01409878617133376,4.0,0.6508771587470118,0.01409878617133376,34.372984571474795,0.5342838532464782,0.14773333492333304
2.869e-6,5.623e-5,6.128686885046063e-13,0.11998468433081372,0.11998468433081372,true,Success,0.7910120876204212,0.3447751707063022,0.44623691691411893,0.032326989929116964,4.0,0.6564683605511776,0.012599341635019407,4.0,0.6564683605511776,0.012599341635019407,108.4717395004522,0.439310961429344,0.2288491668646464
2.869e-6,0.0001,2.133361147535003e-13,0.11998348608909519,0.11998348608909519,true,Success,0.798752299411706,0.3474896754663495,0.4512626239453565,0.032690521456718385,8.76757262227213,0.6595111942128521,0.053992358796128646,4.0,0.6613708007568874,0.011531657674135835,340.90602783891745,0.34410904109545437,0.3107940019945331
2.869e-6,0.0001778,7.324486990699274e-14,0.1199582038777422,0.1199582038777422,true,Success,0.8048079241192168,0.3495326910065918,0.4552752331126249,0.03298075795629043,29.890025513338955,0.5638663542690436,0.13743192221667183,16.981001195559642,0.6121465294075026,0.09759313222116157,1049.141988059358,0.2518907967212235,0.3890540529480853
2.869e-6,0.0003162,2.439108601320525e-14,0.11946717505736716,0.11946717505736716,true,Success,0.8058782140332845,0.3495483682996451,0.4563298457336395,0.033057037302675236,94.76793179883768,0.46154308040800457,0.22054428060902173,54.804638244470304,0.5120376502983498,0.18077905869677013,3083.599785026102,0.1694839428412265,0.45663068524252953
2.869e-6,0.0005623,7.452488568064632e-15,0.11986720267202279,0.11986720267202279,true,Success,0.791379099389163,0.34339335246514946,0.44798574692401344,0.03245349258074437,294.597720789178,0.3541376114890973,0.29730145148966935,171.08384126150466,0.40118301927316385,0.25927644662938276,8513.260610209067,0.10340778648502363,0.5001234371040174
2.869e-6,0.001,1.753176623288525e-15,0.12374530983053536,0.12374530983053536,true,Success,0.7411512599261839,0.32294886110508175,0.4182023988211022,0.030298801674824308,890.7431193248104,0.24376497252598753,0.3534705338266715,522.6191284420516,0.2850425602128342,0.32008019151383665,22194.136772264526,0.05560042306243499,0.5056901663695879
2.869e-6,0.001778,3.6576846493733117e-16,0.11778619915289003,0.11778619915289003,true,Success,0.6883756769709581,0.3003965535921758,0.3879791233787823,0.028111671734104254,2492.0592946370334,0.15720141242601582,0.3925841814806263,1491.2770481019709,0.1905938494922934,0.36557089100518214,54275.1470921479,0.027151584036297447,0.4977903911872079
2.869e-6,0.003162,9.569190139327515e-17,0.12043766661920786,0.12043766661920786,true,Success,0.7313081669957239,0.31320343055578737,0.41810473643993656,0.030291735215235926,7308.136385887106,0.10436646887297092,0.47302895140225476,4501.093341926916,0.1316665058310353,0.4509438739551599,143261.53768251132,0.010541344555274803,0.5489312760894758
2.869e-6,0.005623,2.849623844526522e-17,0.12015658990900362,0.12015658990900362,true,Success,0.8639875933604362,0.3570181430508682,0.506969450309568,0.036718763973337946,21066.407435619392,0.06965452918659738,0.6066972429359451,13289.011884203637,0.0917956723907393,0.5887852448794627,389919.936057377,0.0,0.6644968357613804
2.869e-6,0.01,8.876622433551146e-18,0.11760220216499206,0.11760220216499206,true,Success,1.0415793636067552,0.41296375568078664,0.6286156079259685,0.04550598507748155,58685.42654382995,0.041204294782286,0.7696357541284279,37488.97518324144,0.05849422866980206,0.7556481805771831,1.0598087747343113e6,0.0,0.8136790593031371
2.869e-6,0.01778,2.8322042447668274e-18,0.1206333024799446,0.12062570555474494,false,Success,1.279518800614942,0.48303575807674504,0.7964830425381972,0.05760691572483816,165279.9403779715,0.016075006775915446,0.9765503665992238,106161.85498851056,0.02937229810613338,0.9657927804220069,Inf,0.0,1.0041080741476252
2.869e-6,0.03162,9.109951363310084e-19,0.12008639399925874,0.11993110663584255,false,Success,1.5540199835692885,0.5571263196862409,0.9968936638830473,0.07200619738697005,454529.00928383344,0.0,1.2094718199043346,292521.7673336748,0.00331352513671835,1.2013011997313912,Inf,0.0,1.222184189871869
2.869e-6,0.05623,2.9447786260081354e-19,0.120018153197026,0.12001915612512246,false,Success,1.888696099590108,0.6387717616372905,1.2499243379528173,0.09009409123611778,Inf,0.0,1.4872726489299786,805315.7162563413,0.0,1.4817034351720824,Inf,0.0,1.4872726489299786
3.724e-6,1.0e-8,5.027188604464577e-9,0.11991859686500884,0.11991859686500884,true,Success,0.5382646036706669,0.23723561586885417,0.30102898780181264,0.026940036732564565,4.0,0.47105277005267243,0.028505951406524038,4.0,0.47105277005267243,0.028505951406524038,4.0,0.47105277005267243,0.028505951406524038
3.724e-6,1.778e-8,5.011946123612897e-9,0.11994230344677134,0.11994230344677134,true,Success,0.5381088126441602,0.2371083414866032,0.301000471157557,0.02693748732662939,4.0,0.4708089436410735,0.028500201218747252,4.0,0.4708089436410735,0.028500201218747252,4.0,0.4708089436410735,0.028500201218747252
3.724e-6,3.162e-8,4.996743887193307e-9,0.12080757755318232,0.12080757755318232,true,Success,0.5373230586031925,0.23676444258154483,0.30055861602164763,0.026897985105976,4.0,0.4697045893492171,0.028482507621299842,4.0,0.4697045893492171,0.028482507621299842,4.0,0.4697045893492171,0.028482507621299842
3.724e-6,5.623e-8,4.811693556124945e-9,0.11995686218622192,0.11995686218622192,true,Success,0.5339723139931907,0.2355695284243392,0.2984027855688514,0.0267052494591669,4.0,0.4667500784718693,0.02842884330905739,4.0,0.4667500784718693,0.02842884330905739,4.0,0.4667500784718693,0.02842884330905739
3.724e-6,1.0e-7,4.405168943218876e-9,0.11981864435438992,0.11981864435438992,true,Success,0.5262851460477668,0.23266260409983167,0.2936225419479351,0.02627787082779201,4.0,0.45887895516372,0.02828792480438048,4.0,0.45887895516372,0.02828792480438048,4.0,0.45887895516372,0.02828792480438048
3.724e-6,1.778e-7,3.546465071113141e-9,0.11887879513661585,0.11887879513661585,true,Success,0.5136785536121291,0.2277509715926641,0.285927582019465,0.02558985841546777,4.0,0.4455702456178679,0.028074393924059925,4.0,0.4455702456178679,0.028074393924059925,4.0,0.4455702456178679,0.028074393924059925
3.724e-6,3.162e-7,2.389817519410722e-9,0.11990255655378447,0.11990255655378447,true,Success,0.5049032504362301,0.2241150889036394,0.28078816153259073,0.025130309851008607,4.0,0.43498951652438633,0.027633041199710814,4.0,0.43498951652438633,0.027633041199710814,4.0,0.43498951652438633,0.027633041199710814
3.724e-6,5.623e-7,1.3166457373571388e-9,0.119537385070373,0.119537385070373,true,Success,0.5118463037774219,0.2261164185330161,0.2857298852444059,0.02557218150570197,4.0,0.43808561903891846,0.027227331247811373,4.0,0.43808561903891846,0.027227331247811373,4.0,0.43808561903891846,0.027227331247811373
3.724e-6,1.0e-6,6.262731498463139e-10,0.11947598093640298,0.11947598093640298,true,Success,0.5299247070183799,0.2323064893125251,0.2976182177058547,0.02663510643380449,4.0,0.4518766589358055,0.026420405479661766,4.0,0.4518766589358055,0.026420405479661766,4.0,0.4518766589358055,0.026420405479661766
3.724e-6,1.778e-6,2.7016568657249983e-10,0.11961993077548355,0.11961993077548355,true,Success,0.550230663033514,0.2393101692072477,0.3109204938262663,0.027824297947329102,4.0,0.46741496409262984,0.02405823309819196,4.0,0.46741496409262984,0.02405823309819196,4.0,0.46741496409262984,0.02405823309819196
3.724e-6,3.162e-6,1.0922211976151612e-10,0.11968959888789969,0.11968959888789969,true,Success,0.5678943831083345,0.24549937049582934,0.3223950126125051,0.02884995740734314,4.0,0.48114151557965906,0.020178957831738103,4.0,0.48114151557965906,0.020178957831738103,4.0,0.48114151557965906,0.020178957831738103
3.724e-6,5.623e-6,4.2270500472552513e-11,0.11976265576067127,0.11976265576067127,true,Success,0.5829689768166483,0.25067123726906876,0.3322977395475794,0.029735016744555032,4.0,0.4923101885314998,0.017038982316018646,4.0,0.4923101885314998,0.017038982316018646,4.0,0.4923101885314998,0.017038982316018646
3.724e-6,1.0e-5,1.5856413412057942e-11,0.1198779311099279,0.1198779311099279,true,Success,0.5954033101510512,0.2549445969878462,0.34045871316320503,0.03046433157088544,4.0,0.5010553785868622,0.014849014131454346,4.0,0.5010553785868622,0.014849014131454346,4.0,0.5010553785868622,0.014849014131454346
3.724e-6,1.778e-5,5.8133270037692804e-12,0.11998047857907104,0.11998047857907104,true,Success,0.6057258438364107,0.25849803875342037,0.3472278050829904,0.031069206762390052,4.0,0.5083107911920538,0.013001970836968801,4.0,0.5083107911920538,0.013001970836968801,8.776995973639155,0.5006018738234003,0.04499481961350757
3.724e-6,3.162e-5,2.092330588646201e-12,0.1199512967119765,0.1199512967119765,true,Success,0.6145351031173802,0.261516265756882,0.3530188373604982,0.03158664555226305,4.0,0.514207330142422,0.01168418352503835,4.0,0.514207330142422,0.01168418352503835,26.413943071242254,0.44172816253464225,0.09991769818241723
3.724e-6,5.623e-5,7.423869382299907e-13,0.11997363123052428,0.11997363123052428,true,Success,0.6223721920585298,0.2641716386967361,0.3582005533617936,0.032049610222607064,4.0,0.5191822540596689,0.010416466222370134,4.0,0.5191822540596689,0.010416466222370134,83.50183267920328,0.3712968706852831,0.16173515980699862
3.724e-6,0.0001,2.599179333160597e-13,0.11986798902520203,0.11986798902520203,true,Success,0.6291248709232701,0.26641993521792723,0.36270493570534296,0.03245203409866172,6.382002126890176,0.537151988167101,0.027525818473539576,4.0,0.5231546251970363,0.009450188131167808,263.27745119465396,0.29761359041024266,0.22501155600900438
3.724e-6,0.0001778,8.96410298594635e-14,0.11994962635883961,0.11994962635883961,true,Success,0.6343651294483635,0.2681579092356433,0.3662072202127201,0.03276491450717688,22.854898137461635,0.4673563596630688,0.09144921656534698,12.819183996143595,0.5040402456465574,0.06055287466766538,820.0302551646334,0.2251013103574956,0.28698931159031965
3.724e-6,0.0003162,2.991383805957334e-14,0.11944379552971096,0.11944379552971096,true,Success,0.6361371317513012,0.26849587274987563,0.36764125900142547,0.032893021972666414,73.00962166694869,0.39053691238900734,0.15518819786568,42.11054849457773,0.42833634167539336,0.12473755809584931,2464.9509152964,0.15736953541903378,0.34296206090406745
3.724e-6,0.0005623,9.035357808629026e-15,0.12022168178095734,0.12022168178095734,true,Success,0.6245281261618546,0.2637503538125887,0.3607777723492659,0.03227986305294766,227.95892400924572,0.30562089603749165,0.21527981670608443,132.08720255285442,0.3421616335770258,0.18576694183275122,6994.615541025207,0.09942694771499153,0.3820680415840456
3.724e-6,0.001,2.0258894789309223e-15,0.11924492831273457,0.11924492831273457,true,Success,0.5807576861583265,0.24644423695523948,0.3343134492030869,0.029915159318578122,680.1609881095485,0.21663156957219168,0.2589620959709381,396.6569117348065,0.2492072496379593,0.2326122148196633,18229.67573123873,0.05580265103424589,0.38906869989079623
3.724e-6,0.001778,4.3950714165493994e-16,0.1210169394429466,0.1210169394429466,true,Success,0.5349945057717028,0.22765125061011574,0.30734325516158717,0.02750451766154133,1991.6995129828993,0.14220155470462686,0.29049633152365295,1179.2365141216376,0.1693995882049149,0.2684940025836227,46098.71963108687,0.028306955407545208,0.38263417509676606
3.724e-6,0.003162,1.168634368531689e-16,0.12023192055791972,0.12023192055791972,true,Success,0.5395970655503785,0.2274447062281413,0.31215235932223706,0.027934415359330115,5771.058360449678,0.09405139244171885,0.3355623171761429,3506.4821585978675,0.1164917461196353,0.3174085980730002,118062.58478378797,0.01295839030976236,0.4011647035477826
3.724e-6,0.005623,3.5364334728069895e-17,0.12008700908900788,0.12008700908900788,true,Success,0.6159921792022354,0.2524408318070834,0.36355134739515194,0.032527650461984095,16771.019438242023,0.06364384737689616,0.42105629561982144,10476.603688955567,0.08207275288462991,0.4061475053065611,317126.5168024661,0.002819244659831507,0.47026276495245
3.724e-6,0.01,1.1064359563370919e-17,0.11860152060003573,0.11860152060003573,true,Success,0.7403990274746136,0.291519072997054,0.44887995447755963,0.040146304304300065,47450.707049738325,0.040478587441380706,0.5379848144087354,30173.288640339604,0.055105061163746014,0.526152002713085,864399.6121049789,0.0,0.5755641144502414
3.724e-6,0.01778,3.537539485376986e-18,0.12036448426728585,0.12036448426728585,true,Success,0.9065885437617519,0.340734597633812,0.5658539461279399,0.05057389131132619,133586.60841151566,0.02056358417134826,0.6847130690833906,85645.67862693284,0.03188339741757131,0.6755552825294342,Inf,0.0,0.7111882302949227
3.724e-6,0.03162,1.1398384540171218e-18,0.1200709189831253,0.12007032389687292,false,Success,1.1039609908220969,0.3945873963798601,0.7093735944422367,0.06333529731041104,368952.52911790845,0.0027433427300156145,0.8537154994487561,237308.12320186174,0.011370426141755065,0.8467361206315274,Inf,0.0,0.8682629423149408
3.724e-6,0.05623,3.6887496488464614e-19,0.12003476950819865,0.12002575061428686,false,Success,1.343757863845677,0.4542839793697537,0.8894738844759232,0.07928603157658753,1.0157304632726796e6,0.0,1.0545430250851549,654014.1098298235,0.0,1.049250449204372,Inf,0.0,1.0586226136466703
4.834e-6,1.778e-8,3.1942634835564716e-9,0.11979664604066409,0.11979664604066409,true,Success,0.42070244102676063,0.18089102418268535,0.23981141684407523,0.02656338536992103,3.999999999999999,0.36903715880991006,0.02197920402429415,3.999999999999999,0.36903715880991006,0.02197920402429415,3.999999999999999,0.36903715880991006,0.02197920402429415
4.834e-6,3.162e-8,3.1811723660409375e-9,0.11991686947811805,0.11991686947811805,true,Success,0.4203271510421027,0.18072508402720933,0.23960206701489337,0.0265402195349166,3.999999999999999,0.36865180640726597,0.021972513827068465,3.999999999999999,0.36865180640726597,0.021972513827068465,3.999999999999999,0.36865180640726597,0.021972513827068465
4.834e-6,5.623e-8,3.133669159729946e-9,0.11998653944105313,0.11998653944105313,true,Success,0.4192537186408676,0.18032106980502116,0.23893264883584636,0.026466143920494074,3.999999999999999,0.3674992832915967,0.022009383179636313,3.999999999999999,0.3674992832915967,0.022009383179636313,3.999999999999999,0.3674992832915967,0.022009383179636313
4.834e-6,1.0e-7,2.9894882995374237e-9,0.1199380932066912,0.1199380932066912,true,Success,0.4159793396270598,0.17910032161478026,0.23687901801227956,0.026238891999871495,3.999999999999999,0.3642242117550397,0.021949489232970715,3.999999999999999,0.3642242117550397,0.021949489232970715,3.999999999999999,0.3642242117550397,0.021949489232970715
4.834e-6,1.778e-7,2.6289561452656185e-9,0.11957351112891709,0.11957351112891709,true,Success,0.4084473918957202,0.17640289676968804,0.2320444951260322,0.025703887547019074,3.999999999999999,0.35677867422649606,0.02180374985405415,3.999999999999999,0.35677867422649606,0.02180374985405415,3.999999999999999,0.35677867422649606,0.02180374985405415
4.834e-6,3.162e-7,1.9928167109866753e-9,0.11993512606309378,0.11993512606309378,true,Success,0.39964285490650653,0.17290339941093666,0.22673945549556984,0.025116777789665933,3.999999999999999,0.3466961057537823,0.021550758836863727,3.999999999999999,0.3466961057537823,0.021550758836863727,3.999999999999999,0.3466961057537823,0.021550758836863727
4.834e-6,5.623e-7,1.232646422563104e-9,0.11972151833296361,0.11972151833296361,true,Success,0.3984847561808446,0.17207947130631446,0.22640528487453015,0.025079793807445492,3.999999999999999,0.3433117083850268,0.02126423879299847,3.999999999999999,0.3433117083850268,0.02126423879299847,3.999999999999999,0.3433117083850268,0.02126423879299847
4.834e-6,1.0e-6,6.375872840618839e-10,0.11951827957299249,0.11951827957299249,true,Success,0.4088847188701255,0.17546888376179529,0.23341583510833017,0.025855647850222544,3.999999999999999,0.35069583254379033,0.02089252635876206,3.999999999999999,0.35069583254379033,0.02089252635876206,3.999999999999999,0.35069583254379033,0.02089252635876206
4.834e-6,1.778e-6,2.907337956385407e-10,0.11952314121597449,0.11952314121597449,true,Success,0.4251282455456875,0.18091049890680772,0.2442177466388798,0.027050958340657558,3.999999999999999,0.3632631110591879,0.02006610385616284,3.999999999999999,0.3632631110591879,0.02006610385616284,3.999999999999999,0.3632631110591879,0.02006610385616284
4.834e-6,3.162e-6,1.219705257823463e-10,0.11971355669217364,0.11971355669217364,true,Success,0.4409022089931118,0.18622353124453433,0.25467867774857744,0.02820837866738962,3.999999999999999,0.375362252364115,0.017478474265878167,3.999999999999999,0.375362252364115,0.017478474265878167,3.999999999999999,0.375362252364115,0.017478474265878167
4.834e-6,5.623e-6,4.8421040908057646e-11,0.11985306433903115,0.11985306433903115,true,Success,0.45438541024850443,0.1907283807050403,0.2636570295434641,0.02920163395729628,3.999999999999999,0.3855584322014534,0.014537178315082588,3.999999999999999,0.3855584322014534,0.014537178315082588,3.999999999999999,0.3855584322014534,0.014537178315082588
4.834e-6,1.0e-5,1.849850048176703e-11,0.11982538283928253,0.11982538283928253,true,Success,0.46544989932243236,0.1944353385672709,0.2710145607551615,0.03001548934739115,3.999999999999999,0.39354160238177177,0.012408888918130637,3.999999999999999,0.39354160238177177,0.012408888918130637,3.999999999999999,0.39354160238177177,0.012408888918130637
4.834e-6,1.778e-5,6.876245649784489e-12,0.11989240588039983,0.11989240588039983,true,Success,0.47456514149152484,0.1974851939172858,0.2770799475742391,0.030686349687472497,3.999999999999999,0.4000859099300594,0.010893313537148246,3.999999999999999,0.4000859099300594,0.010893313537148246,6.973754434903952,0.4029812878532174,0.027383099481557163
4.834e-6,3.162e-5,2.5017734785668833e-12,0.11992619131892011,0.11992619131892011,true,Success,0.4824142422544494,0.20008807289015082,0.28232616936429855,0.03126655870527569,3.999999999999999,0.40543038508087437,0.009704758518742302,3.999999999999999,0.40543038508087437,0.009704758518742302,20.307725748094335,0.3627367863545486,0.0665324804954904
4.834e-6,5.623e-5,8.951346449546707e-13,0.11993959242318193,0.11993959242318193,true,Success,0.48897844485061526,0.20227475081818141,0.2867036940324338,0.031750659069795906,3.999999999999999,0.4099169256685043,0.008668002605226875,3.999999999999999,0.4099169256685043,0.008668002605226875,64.17330600211443,0.31070242771522716,0.11348779503764994
4.834e-6,0.0001,3.155045575206973e-13,0.12007126826911602,0.12007126826911602,true,Success,0.494713616387521,0.204149555200685,0.290564061186836,0.032177541662542504,4.1467691682546715,0.41597628045470575,0.008664020476152303,3.999999999999999,0.41340279163776117,0.007827583835770627,202.9687799003245,0.25406248757052,0.161936104746057
4.834e-6,0.0001778,1.0929838019533785e-13,0.11951246218990487,0.11951246218990487,true,Success,0.4993358147737203,0.20562115244749765,0.2937146623262227,0.032525919081703006,17.317612524376493,0.3845567039189798,0.05896599008533964,9.566496221491251,0.41289394732575413,0.03558434855880634,635.6535842648539,0.19804083051068655,0.21030773219786209
4.834e-6,0.0003162,3.654308349468769e-14,0.11942514706898572,0.11942514706898572,true,Success,0.5009472931830793,0.20600624244684726,0.294941050736232,0.03266152228633113,56.06047842555099,0.3267025964929223,0.10832006369918402,32.20540207778152,0.35529047694910454,0.08470523744034264,1946.8922720586315,0.1434276959057732,0.25560438812724035
4.834e-6,0.0005623,1.0878796271122536e-14,0.12013783295570538,0.12013783295570538,true,Success,0.4919295897801355,0.2023540803719025,0.289575509408233,0.0320682291763543,175.58623655816666,0.2606408642081703,0.1547483583881225,101.59174987909196,0.28886998955540705,0.13197920098698204,5667.732251757374,0.094056305489713,0.2894850405298369
4.834e-6,0.001,2.3449453048984677e-15,0.12335811430726791,0.12335811430726791,true,Success,0.454744919132337,0.18800682933286972,0.2667380897994673,0.02954245656615633,534.6470775668236,0.18785992972681767,0.19033981625936622,310.64106416017285,0.213194457003535,0.16984900783664772,15307.513245092336,0.05399193933783357,0.2986355712581978
4.834e-6,0.001778,5.275349233042118e-16,0.11572576396097092,0.11572576396097092,true,Success,0.41810131115109733,0.17353964770922503,0.24456166344187227,0.02708901254831175,1527.0889879852912,0.12863658418969146,0.21398570452806218,896.2401697204527,0.15050145360648517,0.19629770412468292,37960.52844089186,0.029219253866196067,0.2944125551466859
4.834e-6,0.003162,1.4439121142163998e-16,0.12084299983424794,0.12084299983424794,true,Success,0.40876761934193395,0.16893748637416772,0.2398301329677662,0.02656545642361017,4572.421751956473,0.08519256977679114,0.24338459098003193,2742.0748089434182,0.10361212133759269,0.228483553646371,98587.19902895804,0.014304837560089633,0.30073138161379737
4.834e-6,0.005623,4.393482947741631e-17,0.12060279122800507,0.12060279122800507,true,Success,0.4449311680450622,0.1804151034311399,0.2645160646139223,0.029296660696346944,13337.115675603509,0.05752035535379238,0.294818297958585,8232.018695765795,0.07278195969301883,0.2824718398178877,259920.2932619105,0.005417624179882702,0.3369687985435049
4.834e-6,0.01,1.3811544046351793e-17,0.12109090017202923,0.12109090017202923,true,Success,0.5285000753724513,0.20657259945178008,0.3219274759206712,0.03564477090555078,38475.56856515941,0.03812450336985996,0.376577912481108,24304.182554940362,0.050448036801671044,0.3666081954224121,710202.9689112448,0.0,0.4086571098649882
4.834e-6,0.01778,4.419366758902161e-18,0.12022094874883117,0.12022094874883117,true,Success,0.6412940289020477,0.24000613627439424,0.4012878926276534,0.04440945004265876,107802.07367830402,0.022157880133090318,0.4781912835084545,68912.3878947505,0.03177106054089142,0.4704141783843465,1.9443435781543388e6,0.0,0.5026516417929007
4.834e-6,0.03162,1.4260934157658046e-18,0.12009227195427298,0.12008736259788154,false,Success,0.7822759951180052,0.27888780513750566,0.5033881899804994,0.055663619917805,299078.79015089595,0.00813426408764209,0.600211002344631,192140.4436817842,0.015497759023126025,0.5942538789114445,Inf,0.0,0.6151366775595294
4.834e-6,0.05623,4.62014440189225e-19,0.12001413476076056,0.12000697653264812,false,Success,0.9535990840379437,0.3222733482770596,0.631325735760884,0.069722342960443,824493.741152041,0.0,0.7446921668929687,530724.0504381564,0.0008395428916542752,0.7401674287330193,Inf,0.0,0.7513056596458624
6.2739999999999996e-6,1.778e-8,2.0486289215085565e-9,0.11987231889951658,0.11987231889951658,true,Success,0.3275797308540022,0.1375927041804752,0.18998702667352702,0.026098862020048536,4.0,0.28806198929063936,0.01701034431118093,4.0,0.28806198929063936,0.01701034431118093,4.0,0.28806198929063936,0.01701034431118093
6.2739999999999996e-6,3.162e-8,2.0448493243295625e-9,0.11995493300982331,0.11995493300982331,true,Success,0.3274077641795341,0.13750352400902455,0.1899042401705096,0.02608750061260426,4.0,0.28784107685812355,0.017005945123276293,4.0,0.28784107685812355,0.017005945123276293,4.0,0.28784107685812355,0.017005945123276293
6.2739999999999996e-6,5.623e-8,2.041077060431758e-9,0.12069910588796644,0.12069910588796644,true,Success,0.3270249169737265,0.13734853977838812,0.18967637719533842,0.02605622920834858,4.0,0.28738576673277827,0.016998067911594066,4.0,0.28738576673277827,0.016998067911594066,4.0,0.28738576673277827,0.016998067911594066
6.2739999999999996e-6,1.0e-7,1.980299611574428e-9,0.11998315716624519,0.11998315716624519,true,Success,0.325622121751911,0.13689633899329812,0.1887257827586129,0.025925770563319735,4.0,0.2861109438957946,0.016974608077366442,4.0,0.2861109438957946,0.016974608077366442,4.0,0.2861109438957946,0.016974608077366442
6.2739999999999996e-6,1.778e-7,1.8445770437873729e-9,0.11988486739910659,0.11988486739910659,true,Success,0.32241698223898724,0.1357036454972242,0.1867133367417631,0.025649578186987286,4.0,0.2826493970853584,0.01691040490878015,4.0,0.2826493970853584,0.01691040490878015,4.0,0.2826493970853584,0.01691040490878015
6.2739999999999996e-6,3.162e-7,1.537464035854998e-9,0.11918519921380415,0.11918519921380415,true,Success,0.31651914787525504,0.13349538605530575,0.18302376181994928,0.02514319120844934,4.0,0.2763156981753589,0.016770399122776256,4.0,0.2763156981753589,0.016770399122776256,4.0,0.2763156981753589,0.016770399122776256
6.2739999999999996e-6,5.623e-7,1.0812849596605153e-9,0.11990163772952332,0.11990163772952332,true,Success,0.31200967954347836,0.13169123381419118,0.1803184457292872,0.024771874136133576,4.0,0.27068490027416753,0.01657730763505792,4.0,0.27068490027416753,0.01657730763505792,4.0,0.27068490027416753,0.01657730763505792
6.2739999999999996e-6,1.0e-6,6.197552653868009e-10,0.11962654195206053,0.11962654195206053,true,Success,0.31609560122436,0.1328137991462118,0.1832818020781482,0.025178607643878092,4.0,0.27265158939733103,0.016341134670811885,4.0,0.27265158939733103,0.016341134670811885,4.0,0.27265158939733103,0.016341134670811885
6.2739999999999996e-6,1.778e-6,3.033810722249073e-10,0.11950370089281628,0.11950370089281628,true,Success,0.3277372028748736,0.1365460042301583,0.1911911986447153,0.02626411785014466,4.0,0.2814016855289591,0.016017881473098308,4.0,0.2814016855289591,0.016017881473098308,4.0,0.2814016855289591,0.016017881473098308
6.2739999999999996e-6,3.162e-6,1.3335931847087515e-10,0.11962758274594947,0.11962758274594947,true,Success,0.3410149922511594,0.14091106358568822,0.2001039286654711,0.027487168415252967,4.0,0.29179389830695973,0.01500135445831708,4.0,0.29179389830695973,0.01500135445831708,4.0,0.29179389830695973,0.01500135445831708
6.2739999999999996e-6,5.623e-6,5.464344189338127e-11,0.11979409573998809,0.11979409573998809,true,Success,0.35298319044446014,0.14483907339601604,0.20814411704844413,0.028590332391767424,4.0,0.3009938750993506,0.012599508037578297,4.0,0.3009938750993506,0.012599508037578297,4.0,0.3009938750993506,0.012599508037578297
6.2739999999999996e-6,1.0e-5,2.1346551008793488e-11,0.11984532443318174,0.11984532443318174,true,Success,0.3627686710177172,0.148049980226453,0.2147186907912642,0.02949229361541382,4.0,0.3083935406903993,0.010625463147716289,4.0,0.3083935406903993,0.010625463147716289,4.0,0.3083935406903993,0.010625463147716289
6.2739999999999996e-6,1.778e-5,8.065371877728081e-12,0.11991868935975095,0.11991868935975095,true,Success,0.37103780119380714,0.15072047055896406,0.2203173306348431,0.03026028566624425,4.0,0.31442286931992103,0.009173621485844913,4.0,0.31442286931992103,0.009173621485844913,5.567024818679477,0.3203702605641608,0.01624938171878157
6.2739999999999996e-6,3.162e-5,2.97086677771994e-12,0.11988988089604592,0.11988988089604592,true,Success,0.3778289003339104,0.15291859106350383,0.22491030927040662,0.030890268979255255,4.0,0.3192273304235737,0.007959486505338152,4.0,0.3192273304235737,0.007959486505338152,15.66809364112067,0.29552915115103845,0.04366027601378002
6.2739999999999996e-6,5.623e-5,1.0733576171295447e-12,0.11985887422414067,0.11985887422414067,true,Success,0.3835842302975942,0.15478348411375126,0.22880074618384297,0.03142384875191876,4.0,0.32298836995127167,0.0071235417104519175,4.0,0.32298836995127167,0.0071235417104519175,49.25145411549159,0.2576718449930515,0.07892006817171901
6.2739999999999996e-6,0.0001,3.811931385837512e-13,0.12001448838683461,0.12001448838683461,true,Success,0.38875668076611003,0.15640723055319097,0.23234945021291908,0.03191052565623685,4.0,0.32621494561137476,0.006414065702286286,4.0,0.32621494561137476,0.006414065702286286,156.09339552506907,0.21477694866707553,0.11602630082408077
6.2739999999999996e-6,0.0001778,1.327844262405055e-13,0.11993333892061087,0.11993333892061087,true,Success,0.3926056889978415,0.15761385052321078,0.23499183847463073,0.032272887312596435,13.130873801756538,0.3149858856532447,0.03713346668441472,7.041503444800683,0.33571466736155453,0.019192647643962328,492.25145514269155,0.17159780456061696,0.1534058686658805
6.2739999999999996e-6,0.0003162,4.4428794258362785e-14,0.11945457438059594,0.11945457438059594,true,Success,0.3940901965166195,0.15798699131470192,0.2361032052019175,0.032425288187511565,43.04606940217031,0.2710442732140493,0.07474088843016963,24.642150795145206,0.292735860716518,0.056689548513227855,1523.9604715695195,0.12852327017389453,0.18931941928350493
6.2739999999999996e-6,0.0005623,1.2987928458253614e-14,0.119880490238386,0.119880490238386,true,Success,0.3867780901907692,0.15508580568994007,0.2316922845008291,0.031820402982113874,134.90301055051,0.2199299053356994,0.11074261521653854,78.05300218530431,0.2423114350766777,0.093200380786631,4531.525389499368,0.08744765760515555,0.21787908201192646
6.2739999999999996e-6,0.001,2.7189031248720877e-15,0.12570162723635345,0.12570162723635345,true,Success,0.3557811668826925,0.14345665688900636,0.21232450999368616,0.029163849440559702,415.6928743857829,0.16107717186059736,0.139024066368527,240.93725541536793,0.18062160485508005,0.12321900663867379,12645.837942565242,0.05156149239174436,0.2276187907594201
6.2739999999999996e-6,0.001778,6.349466822958939e-16,0.12003997825227215,0.12003997825227215,true,Success,0.3283955589540129,0.1328056053922109,0.195589953561802,0.026867759255124576,1211.9261544723702,0.11371663164454726,0.15876662215292597,707.1864571057187,0.1310270340294379,0.144763148453172,32238.71270665918,0.02892666907121698,0.22736054082457974
6.2739999999999996e-6,0.003162,1.785234696515129e-16,0.12039294557270731,0.12039294557270731,true,Success,0.3156078127093449,0.12765695129698923,0.1879508614123557,0.025819419714046922,3598.4104530606737,0.07728683085771784,0.17915818890526078,2133.445547890302,0.09229940227638454,0.16701326646054035,82525.66984976907,0.015097324375345333,0.2294685883683939
6.2739999999999996e-6,0.005623,5.462049983131075e-17,0.11998010580377264,0.11998010580377264,true,Success,0.3268515010553054,0.13079379733035693,0.1960577037249485,0.026931946170466365,10525.828048207073,0.051910350550531156,0.20877676880966253,6409.224628911883,0.06448558096420443,0.19860355308009084,213721.1001368371,0.006875286924618404,0.24520962255827186
6.2739999999999996e-6,0.01,1.721822942662155e-17,0.12094547205753814,0.12094547205753814,true,Success,0.3756989942494312,0.14600433946742294,0.22969465478200826,0.03154644434813418,30657.429150100274,0.03497204039006152,0.2611497451416572,19186.802557418716,0.04524901199003297,0.252835706953503,577334.5423765609,0.0011994433738028278,0.2884716710462024
6.2739999999999996e-6,0.01778,5.519882524506526e-18,0.12018888175703864,0.12018888175703864,true,Success,0.4533437332543001,0.16897506681748786,0.28436866643681225,0.03904055288963689,86807.70041047236,0.022001633329033824,0.332822016944617,55248.42666759461,0.030135246355651527,0.3262418954912459,1.5784262942786026e6,0.0,0.3536795086163527
6.2739999999999996e-6,0.03162,1.7833135335633386e-18,0.12004105446867501,0.12003920910598613,false,Success,0.5531546664923066,0.1967462438013181,0.3564084226909885,0.04890024659466265,242059.51202625237,0.010863350979320832,0.4203448702307661,155235.81255637793,0.01713671877335336,0.41526967131427533,Inf,0.0,0.4347809485675029
6.2739999999999996e-6,0.05623,5.78406905451694e-19,0.12000751397459941,0.11998384670974288,false,Success,0.6754077793530388,0.22816969633912745,0.44723808301391127,0.061301921546034775,669000.7464435766,0.0008498765666817341,0.5243897711700226,430339.41665838636,0.005630298608265767,0.5205223672179161,Inf,0.0,0.5321605159900991
8.143e-6,1.778e-8,1.316810158678063e-9,0.11996002092099872,0.11996002092099872,true,Success,0.253920155977063,0.1042383199242269,0.14968183605283614,0.02557220274895372,4.0,0.22355159030839747,0.013133254799486653,4.0,0.22355159030839747,0.013133254799486653,4.0,0.22355159030839747,0.013133254799486653
8.143e-6,3.162e-8,1.3153148231384176e-9,0.11997604043183792,0.11997604043183792,true,Success,0.25387636366346633,0.10422314209036748,0.14965322157309882,0.025567318754557974,4.0,0.2235209945496252,0.013132439701343339,4.0,0.2235209945496252,0.013132439701343339,4.0,0.2235209945496252,0.013132439701343339
8.143e-6,5.623e-8,1.3138213283031333e-9,0.1203221080255605,0.1203221080255605,true,Success,0.2537158299537653,0.10416737906540718,0.1495484508883581,0.0255494361975314,4.0,0.2233470888831563,0.013129420526565043,4.0,0.2233470888831563,0.013129420526565043,4.0,0.2233470888831563,0.013129420526565043
8.143e-6,1.0e-7,1.2940435783588084e-9,0.11999285703737654,0.11999285703737654,true,Success,0.2532687677658051,0.10400456378239632,0.14926420398340878,0.025500919950597143,4.0,0.222870356986841,0.01312056300497371,4.0,0.222870356986841,0.01312056300497371,4.0,0.222870356986841,0.01312056300497371
8.143e-6,1.778e-7,1.2460450943340611e-9,0.11996846134919482,0.11996846134919482,true,Success,0.2518917385712869,0.10352735288350887,0.14836438568777804,0.025347334135679776,4.0,0.22154911686807757,0.013094429451070434,4.0,0.22154911686807757,0.013094429451070434,4.0,0.22154911686807757,0.013094429451070434
8.143e-6,3.162e-7,1.1208528785366225e-9,0.11971228249313691,0.11971228249313691,true,Success,0.24890275133361825,0.102469892533342,0.14643285880027626,0.02501764203806801,4.0,0.21838198869778214,0.013028702935472225,4.0,0.21838198869778214,0.013028702935472225,4.0,0.21838198869778214,0.013028702935472225
8.143e-6,5.623e-7,8.814920852819941e-10,0.11997826709063615,0.11997826709063615,true,Success,0.24505677411802515,0.10100595916945786,0.1440508149485673,0.024611035054253924,4.0,0.21394826019245589,0.01290573064554896,4.0,0.21394826019245589,0.01290573064554896,4.0,0.21394826019245589,0.01290573064554896
8.143e-6,1.0e-6,5.684599421530514e-10,0.11976754408669843,0.11976754408669843,true,Success,0.2450981073126773,0.10080434264735481,0.1442937646653225,0.02465250657641751,4.0,0.2127177667888542,0.01275428968917701,4.0,0.2127177667888542,0.01275428968917701,4.0,0.2127177667888542,0.01275428968917701
8.143e-6,1.778e-6,3.0419565362683094e-10,0.1195534716854833,0.1195534716854833,true,Success,0.25208102641560043,0.1029482690977506,0.14913275731784986,0.02547848408963789,4.0,0.21760840688511585,0.012612525640500985,4.0,0.21760840688511585,0.012612525640500985,4.0,0.21760840688511585,0.012612525640500985
8.143e-6,3.162e-6,1.419568292245256e-10,0.11957521547654826,0.11957521547654826,true,Success,0.26263991594864966,0.10631351534965065,0.156326400598999,0.026706241877894308,4.0,0.22594260498428737,0.012267452869436769,4.0,0.22594260498428737,0.012267452869436769,4.0,0.22594260498428737,0.012267452869436769
8.143e-6,5.623e-6,6.052613857956964e-11,0.11961640369645404,0.11961640369645404,true,Success,0.2731779872509578,0.10967313670540378,0.16350485054555403,0.02793123283268388,4.0,0.2341211215378089,0.011033856713248039,4.0,0.2341211215378089,0.011033856713248039,4.0,0.2341211215378089,0.011033856713248039
8.143e-6,1.0e-5,2.429554309991047e-11,0.11972558223774017,0.11972558223774017,true,Success,0.28197667532699494,0.11250142169453202,0.16947525363246288,0.028949934627060844,4.0,0.24091270737301382,0.009102741956092269,4.0,0.24091270737301382,0.009102741956092269,4.0,0.24091270737301382,0.009102741956092269
8.143e-6,1.778e-5,9.362842472435017e-12,0.11984625692143917,0.11984625692143917,true,Success,0.2893956749569367,0.11483491017470347,0.17456076478223323,0.02981754905162976,4.0,0.24633225661852243,0.0077201099751646645,4.0,0.24633225661852243,0.0077201099751646645,4.373877125635311,0.24890392333619535,0.009076611137860435
8.143e-6,3.162e-5,3.500047668296941e-12,0.11992737402460736,0.11992737402460736,true,Success,0.29536501719922115,0.11673105189611832,0.17863396530310283,0.030512388096977493,4.0,0.25068256173119285,0.0066839767341487066,4.0,0.25068256173119285,0.0066839767341487066,12.15712545233159,0.2393421933168074,0.028168218590400144
8.143e-6,5.623e-5,1.278685523856121e-12,0.11995133301914926,0.11995133301914926,true,Success,0.30057375766201005,0.11834574433197513,0.1822280133300349,0.031125436553851117,4.0,0.25417890581315156,0.005952877343999959,4.0,0.25417890581315156,0.005952877343999959,37.81775631524002,0.2119573389639303,0.05434560202373994
8.143e-6,0.0001,4.57994762616921e-13,0.12017431512570857,0.12017431512570857,true,Success,0.3048504144077595,0.11967239525050334,0.18517801915725618,0.03162859082758701,4.0,0.25707005390032006,0.0052903569780409394,4.0,0.25707005390032006,0.0052903569780409394,119.96178903548962,0.17969381301526227,0.08268925296222368
8.143e-6,0.0001778,1.6044546889743343e-13,0.12004258524092548,0.12004258524092548,true,Success,0.3082421477681624,0.12070766888365789,0.18753447888450453,0.03203048473292699,9.834570065280186,0.2564942178849911,0.02220389571594236,4.925372123643524,0.26617156924007296,0.008264106116516777,379.4919648496662,0.14682660765255898,0.11140993183379558
8.143e-6,0.0003162,5.370577167036058e-14,0.1194642935827284,0.1194642935827284,true,Success,0.3095612878083428,0.12103767660676294,0.18852361120157984,0.032199174461816284,32.936950477583906,0.223354213462475,0.050922624680702924,18.772407604385,0.23978689355778435,0.03710332224622274,1184.4301091838047,0.11328178891214703,0.1394056146065708
8.143e-6,0.0005623,1.5347756975613655e-14,0.11905361376002181,0.11905361376002181,true,Success,0.30316404284623855,0.1186044748799013,0.18455956796633724,0.03152311037668873,103.17143451222925,0.18365370012189028,0.07853632564638939,59.658587985815366,0.20099679866918238,0.06507467967807319,3568.6644633177857,0.07980995000907948,0.16248786107420188
8.143e-6,0.001,3.1599403231654544e-15,0.1242042983091892,0.1242042983091892,true,Success,0.27822218987992187,0.10945314171214308,0.1687690481677788,0.028829444814813643,317.57322562144753,0.1370115220929613,0.10090055976731599,183.77933422087446,0.15201821205835434,0.08876902862275853,10187.048994798099,0.04877155903293049,0.1722825873088096
8.143e-6,0.001778,7.622140021762174e-16,0.11976023130960951,0.11976023130960951,true,Success,0.2576427926544695,0.10167228003972223,0.15597051261474726,0.026645505584173564,937.9683778456435,0.09948517222134087,0.11700242463632314,545.085573873907,0.1130175157353457,0.10605548451409576,26716.39343672213,0.028345013243015933,0.1745540608182308
8.143e-6,0.003162,2.2084802600434695e-16,0.11995493694924571,0.11995493694924571,true,Success,0.24707745947419632,0.0975156886816419,0.14956177079255442,0.025551709677808513,2823.3216508047453,0.06987431617078244,0.13311687789821738,1659.0969646304848,0.08200454072365093,0.12330368350360477,69290.28488631581,0.015521400526151176,0.17708786521476713
8.143e-6,0.005623,6.786126670862681e-17,0.11790322294697919,0.11790322294697919,true,Success,0.2461916464108923,0.09681495677815652,0.1493766896327358,0.025520119417828974,8255.365073194085,0.04718214410024234,0.15090929037818407,4958.956483134784,0.057532420981055876,0.14253601294849555,176576.4497913763,0.007734931350966412,0.18282172950011885
8.143e-6,0.01,2.1470097469901242e-17,0.12087612715281418,0.12087612715281418,true,Success,0.2704002392603133,0.1041757351308616,0.1662245041294517,0.02839529037535997,24358.833379938256,0.03171249567357409,0.18265425815054728,15067.249139705184,0.040247889165533464,0.1757491588352982,472081.8414171993,0.002757324827777229,0.20607887786893753
8.143e-6,0.01778,6.891573125707746e-18,0.12011518880158274,0.12011518880158274,true,Success,0.3204546136363288,0.11898402720784389,0.20147058642848492,0.03440681867247746,69595.45325341808,0.020844469684617332,0.23090646416661123,44009.189181082205,0.027687183190673408,0.22537069118383532,1.28162339687725e6,0.0,0.2486734791801006
8.143e-6,0.03162,2.2288547518512473e-18,0.12001923546228037,0.12001923546228037,true,Success,0.39044683503596145,0.13855037750297164,0.25189645753298984,0.04299780497204636,195528.67637384508,0.011916266592472451,0.29323138565174084,125052.59322802344,0.017247041752313574,0.28891875347621127,Inf,0.0,0.3066934413716438
8.143e-6,0.05623,7.237065955056759e-19,0.12000032908803757,0.11999131441892232,false,Success,0.4773528188311915,0.16115867919276952,0.3161941396384219,0.05393184247038713,542408.5777233276,0.004052365908351085,0.36793864721920344,348533.51491781767,0.008133341579028957,0.3646371030587901,Inf,0.0,0.37601236223107853
1.057e-5,3.162e-8,8.428710664988425e-10,0.11998791687757379,0.11998791687757379,true,Success,0.19564732044314978,0.07870540558885694,0.11694191485429284,0.024865608356759127,4.0,0.17264000657664064,0.010139419217834338,4.0,0.17264000657664064,0.010139419217834338,4.0,0.17264000657664064,0.010139419217834338
1.057e-5,5.623e-8,8.410149405677447e-10,0.11996378525430657,0.11996378525430657,true,Success,0.19560333382581502,0.07868939378644642,0.11691394003936857,0.024859665334021883,4.0,0.17253812630488452,0.010138400148009359,4.0,0.17253812630488452,0.010138400148009359,4.0,0.17253812630488452,0.010138400148009359
1.057e-5,1.0e-7,8.391627119341768e-10,0.12046803130908981,0.12046803130908981,true,Success,0.19553951202297812,0.07863201645892748,0.11690749556405067,0.024858296257698437,4.0,0.17238259709212797,0.010135074864788226,4.0,0.17238259709212797,0.010135074864788226,4.0,0.17238259709212797,0.010135074864788226
1.057e-5,1.778e-7,8.197770003038459e-10,0.11998184664665214,0.11998184664665214,true,Success,0.19500980233045284,0.0784786171043713,0.11653118522608157,0.024778351793282572,4.0,0.17192293872293143,0.010125303685790182,4.0,0.17192293872293143,0.010125303685790182,4.0,0.17192293872293143,0.010125303685790182
1.057e-5,3.162e-7,7.737735234808558e-10,0.11992097446471967,0.11992097446471967,true,Success,0.19398500391702286,0.07807304905690754,0.11591195486011534,0.024646799194797356,4.0,0.17065480550052156,0.010098123330096853,4.0,0.17065480550052156,0.010098123330096853,4.0,0.17065480550052156,0.010098123330096853
1.057e-5,5.623e-7,6.640146096723744e-10,0.11942164591513231,0.11942164591513231,true,Success,0.1917022244415445,0.07726796650035163,0.11443425794119286,0.024332861916392758,4.0,0.1681989465513468,0.010035018196520324,4.0,0.1681989465513468,0.010035018196520324,4.0,0.1681989465513468,0.010035018196520324
1.057e-5,1.0e-6,4.855767084084406e-10,0.11992994320032042,0.11992994320032042,true,Success,0.1903364698890549,0.076711348129581,0.1136251217594739,0.02416095620084917,4.0,0.1662514125755756,0.009944802423511662,4.0,0.1662514125755756,0.009944802423511662,4.0,0.1662514125755756,0.009944802423511662
1.057e-5,1.778e-6,2.8944951283454944e-10,0.11967093240790513,0.11967093240790513,true,Success,0.19374333089763707,0.07764914527026089,0.11609418562737618,0.024685513462502147,4.0,0.16821218042502845,0.009847155138518917,4.0,0.16821218042502845,0.009847155138518917,4.0,0.16821218042502845,0.009847155138518917
1.057e-5,3.162e-6,1.4582190469584248e-10,0.11950973649559167,0.11950973649559167,true,Success,0.2014689660354388,0.08003321928213576,0.12143574675330304,0.02582023634907765,4.0,0.17420127747130132,0.009725667128089666,4.0,0.17420127747130132,0.009725667128089666,4.0,0.17420127747130132,0.009725667128089666
1.057e-5,5.623e-6,6.541812876633468e-11,0.1195450028093271,0.1195450028093271,true,Success,0.21030376971049822,0.08280870088397349,0.12749506882652473,0.027107260004793028,4.0,0.18129703309798484,0.009355579907596057,4.0,0.18129703309798484,0.009355579907596057,4.0,0.18129703309798484,0.009355579907596057
1.057e-5,1.0e-5,2.7177155756383625e-11,0.11967024806844555,0.11967024806844555,true,Success,0.21831902429400285,0.08529052095395494,0.13302850334004793,0.02828241289318702,4.0,0.18747561989971107,0.008003537747199602,4.0,0.18747561989971107,0.008003537747199602,4.0,0.18747561989971107,0.008003537747199602
1.057e-5,1.778e-5,1.0728354469088354e-11,0.11981978920455393,0.11981978920455393,true,Success,0.22486738099361642,0.08732650333545638,0.13754087765816003,0.02924059471051915,4.0,0.19246478285286628,0.006604313080432211,4.0,0.19246478285286628,0.006604313080432211,4.0,0.19246478285286628,0.006604313080432211
1.057e-5,3.162e-5,4.080999303117551e-12,0.11976457213485968,0.11976457213485968,true,Success,0.23032044863197534,0.088997809491533,0.14132263914044235,0.03004354457582804,4.0,0.19643447115440538,0.005675510656650498,4.0,0.19643447115440538,0.005675510656650498,9.480932177283991,0.19235178197206262,0.017918096299591024
1.057e-5,5.623e-5,1.510837258581573e-12,0.11987998897266605,0.11987998897266605,true,Success,0.23485178375860472,0.0903801767248604,0.14447160703374434,0.030712074528506612,4.0,0.1995846962606923,0.0049590473251347475,4.0,0.1995846962606923,0.0049590473251347475,29.001543381436928,0.17306799654559635,0.03709141155875891
1.057e-5,0.0001,5.465001725370484e-13,0.1197952463657381,0.1197952463657381,true,Success,0.23854546015267994,0.09150338011728332,0.14704208003539662,0.03125774510727566,4.0,0.20212637449095572,0.004438946405115057,4.0,0.20212637449095572,0.004438946405115057,91.93299404744619,0.14927854241329855,0.058514099685377165
1.057e-5,0.0001778,1.9263052544777397e-13,0.11948003550981126,0.11948003550981126,true,Success,0.24148923358306845,0.09237260811224567,0.14911662547082277,0.031698108680599406,7.216235540286746,0.20759854379747975,0.012212883639262453,4.0,0.20402313771480363,0.004038444321965624,290.9949985382111,0.1241945835777348,0.08046124947423801
1.057e-5,0.0003162,6.445762661730505e-14,0.11933036721680008,0.11933036721680008,true,Success,0.2426696959000531,0.09265113811830172,0.15001855778175138,0.03188955346101151,25.10609806357149,0.1827108312405299,0.03416159348936117,14.17846194359548,0.19524356712880803,0.02357193122537636,914.8991973442958,0.09832343707306898,0.10219980822068157
1.057e-5,0.0005623,1.7911839677464086e-14,0.12082480633780872,0.12082480633780872,true,Success,0.23701771133440575,0.09056376196344548,0.14645394937096026,0.031132897856126693,79.77143275759659,0.1522402410455152,0.0555205826265125,46.015124796487385,0.16502757549035704,0.045278235739677555,2810.3927391112366,0.0712590275195597,0.12050584772541614
1.057e-5,0.001,3.6815938010011616e-15,0.12108442878573787,0.12108442878573787,true,Success,0.21742609100045474,0.08353934436841216,0.13388674663204256,0.028464665696463807,240.63157211863378,0.11548985094109095,0.07287816127918897,139.11734680849463,0.12697642907152384,0.0635980984967783,8052.3257048355745,0.04546317664051533,0.12952425929290234
1.057e-5,0.001778,9.173182292864795e-16,0.11987086027892381,0.11987086027892381,true,Success,0.20230742275975858,0.07793628057479635,0.12437114218496222,0.026443749577059625,724.8765702065499,0.08597724368954845,0.08610885062494252,420.1823956523409,0.0964798602639213,0.0776131663856757,21967.72297125439,0.027327203668506377,0.13355617003130363
1.057e-5,0.003162,2.7300701291192854e-16,0.11993205440047884,0.11993205440047884,true,Success,0.19428154064378597,0.07487927254148877,0.11940226810229718,0.025388275433445837,2205.6871260313123,0.06237139755988386,0.09904677655816983,1287.948704110262,0.07203167965424954,0.09123172128615079,58058.39058698908,0.015592587104259679,0.1368905764581612
1.057e-5,0.005623,8.447550097084026e-17,0.12001252551012329,0.12001252551012329,true,Success,0.19027551429688452,0.07322879025964898,0.11704672403723557,0.024887874184315723,6584.322377077553,0.042882697823625804,0.11170764686465785,3910.2357875008397,0.0513655082855258,0.10484510834374625,149405.49943141217,0.008187025677596617,0.1397762384645836
1.057e-5,0.01,2.676101473876181e-17,0.12046084261325646,0.12046084261325646,true,Success,0.19839684062164695,0.07552535849075018,0.12287148213089677,0.026125209295213944,19290.13392553605,0.02872351293753422,0.12956476653719934,11773.412009721531,0.03579241466460198,0.12384605152527729,388665.3807245005,0.0036363484053695216,0.14986018958249875
1.057e-5,0.01778,8.598524719207171e-18,0.12013261422581516,0.12013261422581516,true,Success,0.22757907154506826,0.08415402833977244,0.1434250432052958,0.030489894230320346,55583.95335554305,0.019213746130573892,0.16034447680059508,34841.34328744185,0.024936985818025947,0.15571436635075042,1.0430723302680595e6,0.00047638569939272794,0.1755030332812579
1.057e-5,0.03162,2.783241440314151e-18,0.12000518919619013,0.12000518919619013,true,Success,0.27529914858933857,0.09752116236416367,0.17777798622517488,0.03777915830919474,157511.12857487172,0.01194759127358837,0.2038387407607604,100325.70011893062,0.016460403760534318,0.20018784818394145,2.8598359753351323e6,0.0,0.21539390005417147
1.057e-5,0.05623,9.047260265880957e-19,0.11997444001145594,0.11997444001145594,true,Success,0.3366368517973624,0.11365164600130699,0.2229852057960554,0.047358016625314275,439041.42448530014,0.005712491187132174,0.2572007924523673,281672.7999402517,0.009189253658936568,0.25438806224152555,Inf,0.0,0.26506672833619893
1.372e-5,3.162e-8,5.385049575967771e-10,0.1199794819480839,0.1199794819480839,true,Success,0.150307787903551,0.059272776881868564,0.09103501102168242,0.024129989665224876,4.0,0.13270735279325843,0.007828788867927674,4.0,0.13270735279325843,0.007828788867927674,4.0,0.13270735279325843,0.007828788867927674
1.372e-5,5.623e-8,5.379714456588403e-10,0.1199796507638262,0.1199796507638262,true,Success,0.15024434621889912,0.05926775942492343,0.09097658679397566,0.024114516660892198,4.0,0.13268027318088768,0.007828067283537323,4.0,0.13268027318088768,0.007828067283537323,4.0,0.13268027318088768,0.007828067283537323
1.372e-5,1.0e-7,5.374384075269734e-10,0.12024183348622405,0.12024183348622405,true,Success,0.15027595692040338,0.059252065949772274,0.09102389097063111,0.024127044646120643,4.0,0.13269009209326504,0.007826965247006854,4.0,0.13269009209326504,0.007826965247006854,4.0,0.13269009209326504,0.007826965247006854
1.372e-5,1.778e-7,5.310629110903949e-10,0.11999610002839664,0.11999610002839664,true,Success,0.14999065451633617,0.05920621465112645,0.0907844398652097,0.02406362851496266,4.0,0.13250121456036396,0.007823483381386605,4.0,0.13250121456036396,0.007823483381386605,4.0,0.13250121456036396,0.007823483381386605
1.372e-5,3.162e-7,5.152106484380916e-10,0.11998312591782134,0.11998312591782134,true,Success,0.1497890165301231,0.059070095418198236,0.09071892111192488,0.024046276482104136,4.0,0.1320406651758366,0.007812944312364215,4.0,0.1320406651758366,0.007812944312364215,4.0,0.1320406651758366,0.007812944312364215
1.372e-5,5.623e-7,4.723488057214271e-10,0.11980033354517397,0.11980033354517397,true,Success,0.14880678597593464,0.05875183063918199,0.09005495533675263,0.023870429540861847,4.0,0.13101737893198687,0.007785695556057323,4.0,0.13101737893198687,0.007785695556057323,4.0,0.13101737893198687,0.007785695556057323
1.372e-5,1.0e-6,3.8165901148965704e-10,0.11892492185477488,0.11892492185477488,true,Success,0.14792439247815767,0.058361324959967466,0.08956306751819021,0.023740154230470774,4.0,0.1296707527411674,0.0077341851664385584,4.0,0.1296707527411674,0.0077341851664385584,4.0,0.1296707527411674,0.0077341851664385584
1.372e-5,1.778e-6,2.5829074640116895e-10,0.11973882549705361,0.11973882549705361,true,Success,0.14897127238072136,0.058626502592531896,0.09034476978818946,0.02394718537720449,4.0,0.13007820687472937,0.007665323330832707,4.0,0.13007820687472937,0.007665323330832707,4.0,0.13007820687472937,0.007665323330832707
1.372e-5,3.162e-6,1.4322971173887947e-10,0.1196102978357543,0.1196102978357543,true,Success,0.15414376453136075,0.06014348470363551,0.09400027982772523,0.02491527457153695,4.0,0.13390405071640346,0.0076157057922441665,4.0,0.13390405071640346,0.0076157057922441665,4.0,0.13390405071640346,0.0076157057922441665
1.372e-5,5.623e-6,6.858278595600436e-11,0.11952005939224362,0.11952005939224362,true,Success,0.16127914266281151,0.06234029379509672,0.09893884886771478,0.026222994074276598,4.0,0.13969639342109136,0.007513396264482153,4.0,0.13969639342109136,0.007513396264482153,4.0,0.13969639342109136,0.007513396264482153
1.372e-5,1.0e-5,2.976112152998621e-11,0.11963351251914159,0.11963351251914159,true,Success,0.1683052873339055,0.06446928800857372,0.10383599932533179,0.027519553056215854,4.0,0.14523161323658348,0.007037153695018324,4.0,0.14523161323658348,0.007037153695018324,4.0,0.14523161323658348,0.007037153695018324
1.372e-5,1.778e-5,1.2103331549390009e-11,0.11973665723525681,0.11973665723525681,true,Success,0.17427853733422494,0.06628542844221803,0.1079931088920069,0.028620022533302758,4.0,0.1498822497892109,0.005753534837587273,4.0,0.1498822497892109,0.005753534837587273,4.0,0.1498822497892109,0.005753534837587273
1.372e-5,3.162e-5,4.7034303391635706e-12,0.1198107068473294,0.1198107068473294,true,Success,0.1791619410480654,0.06775447909366272,0.11140746195440267,0.029523756858121083,4.0,0.15356380439133743,0.004790811719019586,4.0,0.15356380439133743,0.004790811719019586,7.479554769119847,0.15348801737479711,0.011300812618874882
1.372e-5,5.623e-5,1.768715354558342e-12,0.11979056524707749,0.11979056524707749,true,Success,0.18319804114005853,0.06895573857613853,0.11424230256391998,0.03027402212848058,4.0,0.1564181828592036,0.004153186022410174,4.0,0.1564181828592036,0.004153186022410174,22.231912043260742,0.14037906282426268,0.02496319146593829
1.372e-5,0.0001,6.472239235578198e-13,0.11984220893826443,0.11984220893826443,true,Success,0.18642065174124825,0.06991232625971024,0.11650832548153803,0.03087369149967058,4.0,0.15871604825984093,0.003710235272665357,4.0,0.15871604825984093,0.003710235272665357,70.57701446723023,0.12320665928160825,0.041169108630082905
1.372e-5,0.0001778,2.298312737840558e-13,0.11983911221694535,0.11983911221694535,true,Success,0.18892720534984808,0.0706384909573882,0.11828871439245989,0.03134481112210026,5.117576974516513,0.16464331474694596,0.0057170526044269705,4.0,0.16035265339153004,0.0033400010024546125,223.6808238875265,0.10395756760448366,0.05792387498111385
1.372e-5,0.0003162,7.672874424330297e-14,0.11901008839335987,0.11901008839335987,true,Success,0.18987919996817834,0.0708537145991158,0.11902548536906256,0.031539763757619216,19.114639689880093,0.1486645073284066,0.022462985207620797,10.632667268873679,0.15823207982793208,0.014420373861773994,703.6043786968796,0.0841802609906207,0.07459350379668063
1.372e-5,0.0005623,2.0588535471214496e-14,0.11887248673894202,0.11887248673894202,true,Success,0.1847335368374385,0.06900856129837343,0.11572497553906505,0.030666394976369433,60.52710226923512,0.12514691316602694,0.038750662233079,34.808742617509694,0.13462365265246698,0.03094643514190348,2161.5471498804554,0.062745263794855,0.08869700972360937
1.372e-5,0.001,4.302704605150396e-15,0.11996004604385033,0.11996004604385033,true,Success,0.16986735605658815,0.06375141556100236,0.10611594049558577,0.028123117135070253,183.68962012247542,0.09641089727065519,0.05262524275974252,106.13504894665806,0.10519410447724221,0.0455371168942958,6337.029819117454,0.04154053050774458,0.09700780778607546
1.372e-5,0.001778,1.1184128720881318e-15,0.12009091405809062,0.12009091405809062,true,Success,0.1592477312286703,0.05990151958752745,0.09934621164114285,0.026330854022768524,560.0318067420229,0.07364995330646863,0.06334387920074408,324.1215435530111,0.0817824150984278,0.05676599333206769,17891.05381227419,0.02598529199707774,0.10190404134039774
1.372e-5,0.003162,3.3697185724033124e-16,0.11978707410729268,0.11978707410729268,true,Success,0.15291031022699259,0.05760214631869643,0.09530816390829613,0.025261617163001116,1712.9329057518703,0.054902094668415655,0.0735671944699691,996.0274623747318,0.06249867335338069,0.06742166778196881,48287.459759405196,0.015373530880782367,0.10554570497505442
1.372e-5,0.005623,1.0492519493196498e-16,0.11967244111859958,0.11967244111859958,true,Success,0.14852232702189097,0.055924061388906945,0.09259826563298404,0.024543990789898294,5171.122915994629,0.03880528082342313,0.08312563935486995,3042.6193406247567,0.04566989332216111,0.07757219242329366,125456.24481497909,0.008446984076029618,0.10768542064605947
1.372e-5,0.01,3.333388744814508e-17,0.12018577890978017,0.12018577890978017,true,Success,0.14938185499121842,0.05594783164289921,0.09343402334831923,0.024765319358874258,15282.121464300213,0.026149915541609087,0.09402331946698037,9202.333110648564,0.031997408197811994,0.08929271171583802,323476.03138090903,0.004142531701922844,0.11182724278686727
1.372e-5,0.01778,1.0717454089397754e-17,0.12007932666259648,0.12007932666259648,true,Success,0.1635222365206649,0.060087147337461594,0.1034350891832033,0.02741341640379951,44241.88189564929,0.017482098700018635,0.1121907857310395,27419.485927902566,0.022250191402348497,0.10833339323889966,853078.5091658788,0.0013974037686975726,0.12520332272460835
1.372e-5,0.03162,3.471414205908085e-18,0.12001777258724287,0.12001777258724287,true,Success,0.19421574201001446,0.0687035351831195,0.12551220682689496,0.03325594781209178,126427.86326432253,0.01138881033227107,0.14134183840837325,80049.1358805281,0.015189283891397851,0.13826723462154222,2.3227607563698473e6,0.0,0.15118933916257365
1.372e-5,0.05623,1.1296491777153648e-18,0.12002329555897547,0.12002329555897547,true,Success,0.23711116115242456,0.08005211921724316,0.1570590419351814,0.04159576764041644,354887.48688502546,0.006395919021782086,0.1792204409735961,227105.36712368912,0.00935185594395401,0.1768290642515637,Inf,0.0,0.18659078261707382
1.372e-5,0.1,3.6893179050291924e-19,0.12224621731463245,0.12220051891108404,false,Success,0.29227530918872724,0.09364060197658312,0.19863470721214416,0.05256719381178325,994140.8788982414,0.0019511569434524185,0.22624351091438602,638988.6795828413,0.004217712871552211,0.2244098457945119,Inf,0.0,0.23059822049355388
1.372e-5,0.1778,1.203548046908782e-19,0.12009303895050753,0.12001699197160563,false,Success,0.3554790013213948,0.10786297558167805,0.24761602573971672,0.06545713582596488,2.7134617260386716e6,0.0,0.27917483286501477,1.7468174318870222e6,0.0,0.27778438466042293,Inf,0.0,0.2809279248891285
1.7809999999999997e-5,1.0e-8,3.4203514878071473e-10,0.12000175547322506,0.12000175547322506,true,Success,0.11512108028912778,0.044568872401004656,0.07055220788812314,0.023369511129142137,4.0,0.10177850217747211,0.006033582478353059,4.0,0.10177850217747211,0.006033582478353059,4.0,0.10177850217747211,0.006033582478353059
1.7809999999999997e-5,1.778e-8,3.4201997708010154e-10,0.11999882449603523,0.11999882449603523,true,Success,0.115279861240797,0.04456609152469794,0.07071376971609908,0.0234229836885513,4.0,0.10176308259465058,0.006033439457998177,4.0,0.10176308259465058,0.006033439457998177,4.0,0.10176308259465058,0.006033439457998177
1.7809999999999997e-5,3.162e-8,3.4200480008254134e-10,0.12001425898778631,0.12001425898778631,true,Success,0.11520205188625668,0.04456434242878455,0.07063770945747214,0.023397809853494128,4.0,0.10177398464222458,0.006033417530735909,4.0,0.10177398464222458,0.006033417530735909,4.0,0.10177398464222458,0.006033417530735909
1.7809999999999997e-5,5.623e-8,3.419896252085603e-10,0.1200672877056375,0.1200672877056375,true,Success,0.1152244452959021,0.04456428271315885,0.07066016258274326,0.023405241221721114,4.0,0.10177018264629382,0.00603333640618798,4.0,0.10177018264629382,0.00603333640618798,4.0,0.10177018264629382,0.00603333640618798
1.7809999999999997e-5,1.0e-7,3.4197444944814545e-10,0.12025422572464006,0.12025422572464006,true,Success,0.11523535397553722,0.044563021406381804,0.07067233256915542,0.023409269150994127,4.0,0.10177573918789476,0.006032952371519377,4.0,0.10177573918789476,0.006032952371519377,4.0,0.10177573918789476,0.006032952371519377
1.7809999999999997e-5,1.778e-7,3.4195928043998096e-10,0.1208516721107515,0.1208516721107515,true,Success,0.11516735471215603,0.04454046781895472,0.07062688689320132,0.023394227880518318,4.0,0.10170484794449045,0.00603164540762518,4.0,0.10170484794449045,0.00603164540762518,4.0,0.10170484794449045,0.00603164540762518
1.7809999999999997e-5,3.162e-7,3.3431615999620107e-10,0.1199788795349568,0.1199788795349568,true,Success,0.11500577878564165,0.04450759099511652,0.07049818779052514,0.02335163188468745,4.0,0.10158301505744978,0.0060279991912621156,4.0,0.10158301505744978,0.0060279991912621156,4.0,0.10158301505744978,0.0060279991912621156
1.7809999999999997e-5,5.623e-7,3.1922017751751935e-10,0.11996049319265335,0.11996049319265335,true,Success,0.1147810667979092,0.04441685822196451,0.07036420857594469,0.023307288115603002,4.0,0.10128289239093712,0.0060177370334950665,4.0,0.10128289239093712,0.0060177370334950665,4.0,0.10128289239093712,0.0060177370334950665
1.7809999999999997e-5,1.0e-6,2.811617634115006e-10,0.11958794185990758,0.11958794185990758,true,Success,0.11444641332266342,0.044256262839182235,0.07019015048348119,0.023249678940815467,4.0,0.10067147938921772,0.005993542638317313,4.0,0.10067147938921772,0.005993542638317313,4.0,0.10067147938921772,0.005993542638317313
1.7809999999999997e-5,1.778e-6,2.1383321619937875e-10,0.11996275533991196,0.11996275533991196,true,Success,0.11482546276923178,0.04430562952046882,0.07051983324876296,0.023358795971146148,4.0,0.10061195554540764,0.005958403887805133,4.0,0.10061195554540764,0.005958403887805133,4.0,0.10061195554540764,0.005958403887805133
1.7809999999999997e-5,3.162e-6,1.3285301530081646e-10,0.11975401875449318,0.11975401875449318,true,Success,0.1177037469227868,0.045146639892271426,0.07255710703051538,0.02403305717931328,4.0,0.10276840570723837,0.005918077306109555,4.0,0.10276840570723837,0.005918077306109555,4.0,0.10276840570723837,0.005918077306109555
1.7809999999999997e-5,5.623e-6,6.913599544836287e-11,0.11955856996020944,0.11955856996020944,true,Success,0.12314312965080791,0.04675956893245174,0.07638356071835617,0.025299339651367582,4.0,0.10709670936376467,0.005888715527269387,4.0,0.10709670936376467,0.005888715527269387,4.0,0.10709670936376467,0.005888715527269387
1.7809999999999997e-5,1.0e-5,3.172455712859464e-11,0.11961454568306434,0.11961454568306434,true,Success,0.12912658565064492,0.04856142207618099,0.08056516357446392,0.02668294797104198,4.0,0.11197760715203361,0.0057862133493920866,4.0,0.11197760715203361,0.0057862133493920866,4.0,0.11197760715203361,0.0057862133493920866
1.7809999999999997e-5,1.778e-5,1.3395602926190456e-11,0.11968164384733704,0.11968164384733704,true,Success,0.13453965348218946,0.05015528503074485,0.08438436845144462,0.0279464512409227,4.0,0.1161754830503821,0.005147880581098232,4.0,0.1161754830503821,0.005147880581098232,4.0,0.1161754830503821,0.005147880581098232
1.7809999999999997e-5,3.162e-5,5.344970162636468e-12,0.11986588346793386,0.11986588346793386,true,Success,0.13890726544707577,0.0514535839523287,0.08745368149474707,0.028961727676600327,4.0,0.11959732038765988,0.004137881841422607,4.0,0.11959732038765988,0.004137881841422607,5.933015752689965,0.12112694535989121,0.007104496559994799
1.7809999999999997e-5,5.623e-5,2.048068419493004e-12,0.1199061450342549,0.1199061450342549,true,Success,0.14247448368833845,0.05250015548328468,0.08997432820505374,0.029795417226636933,4.0,0.12222732651905976,0.0035370887927072265,4.0,0.12222732651905976,0.0035370887927072265,17.100819603168947,0.11306834254830604,0.016645554365634495
1.7809999999999997e-5,0.0001,7.59757298764961e-13,0.1199357222599908,0.1199357222599908,true,Success,0.14537643477168208,0.05333794804074795,0.09203848673093415,0.030478058581841317,4.0,0.12428733781836192,0.0030870597964617924,4.0,0.12428733781836192,0.0030870597964617924,54.06045486392038,0.1007441325880039,0.028708494954060707
1.7809999999999997e-5,0.0001778,2.719813463109107e-13,0.11986328583351791,0.11986328583351791,true,Success,0.1475377928248745,0.05394960719279374,0.09358818563208075,0.03099052138346261,4.0,0.12578043572152361,0.0027967412583653883,4.0,0.12578043572152361,0.0027967412583653883,171.4852892775868,0.08626858297251831,0.04149357481500035
1.7809999999999997e-5,0.0003162,9.063110452465212e-14,0.12096075481854848,0.12096075481854848,true,Success,0.1482799645942486,0.05410583922862551,0.0941741253656231,0.031184273859064228,14.564390131919025,0.12018582482884636,0.01453449938390005,7.93865273292586,0.12737125899579999,0.008399113895377409,544.766281347333,0.071068090238076,0.05427944268005476
1.7809999999999997e-5,0.0005623,2.3358163212012803e-14,0.11971948692987706,0.11971948692987706,true,Success,0.14345263632261074,0.052433802558167535,0.0910188337644432,0.03014085510177525,46.34886039997907,0.10168678029148417,0.027423645377535142,26.60811477836068,0.10880608366260695,0.021517403598076586,1670.3141765209034,0.054107454861129806,0.06549897642654463
1.7809999999999997e-5,0.001,5.015433319413786e-15,0.11998994528468326,0.11998994528468326,true,Success,0.1323769668709608,0.04857781868986984,0.08379914818109097,0.02775285591134203,140.66103019620735,0.07965916738102842,0.03786449474932276,81.33683985116228,0.08658628670644769,0.03247481328772856,4955.083811341732,0.037176937513905724,0.0722222208382646
1.7809999999999997e-5,0.001778,1.3633240353419108e-15,0.12050010398240636,0.12050010398240636,true,Success,0.12510286354177727,0.046011183060694676,0.07909168048108262,0.02619542692864293,431.91463081850907,0.06233944914770018,0.04648208961469888,249.72901559821503,0.06860286655918664,0.041416755377291115,14391.316727085183,0.024262912485853858,0.07728532121312338
1.7809999999999997e-5,0.003162,4.1502837285943255e-16,0.1201537865579153,0.1201537865579153,true,Success,0.12034970153835378,0.044312394295997835,0.07603730724235594,0.02518476168433434,1328.1838990107042,0.04767943018208385,0.05455319495976342,770.1966898716422,0.05360235733940942,0.04976167447407918,39871.747420562715,0.014893758444634355,0.0810767862602823
1.7809999999999997e-5,0.005623,1.3009683270264088e-16,0.11963003920776508,0.11963003920776508,true,Success,0.11661041250377789,0.04292128948722211,0.07368912301655578,0.02440769145036181,4043.826616123112,0.03472779360435628,0.06204186665211679,2363.585408711081,0.04020804881436315,0.05760834854270933,105212.32890884172,0.008517415710243711,0.08324606645631333
1.7809999999999997e-5,0.01,4.1457474987339114e-17,0.1199652224514593,0.1199652224514593,true,Success,0.1148206781854949,0.04220240343746005,0.07261827474803487,0.024053300667750747,12076.173687859273,0.0238284143428911,0.06937658065008886,7185.004266862071,0.02862953140249677,0.06549247866327744,271093.79374706955,0.004440237425349334,0.08506161192157345
1.7809999999999997e-5,0.01778,1.3339797018506511e-17,0.12009706453287769,0.12009706453287769,true,Success,0.12008114187805086,0.04360959763004691,0.07647154424800394,0.025328453854816704,35210.75522636147,0.015908769334322368,0.0799013589498283,21536.518295390975,0.019883059342070495,0.07668615288088267,704469.707714225,0.0019222617982731264,0.0912164627248476
1.7809999999999997e-5,0.03162,4.322759809476736e-18,0.1200256806006657,0.1200256806006657,true,Success,0.13776156865648456,0.04858909310802506,0.08917247554845949,0.029530218726725857,101142.19149855575,0.010551908283227333,0.09822455728177705,63497.46727294545,0.013740784726655268,0.09564474083501409,1.8913440415012538e6,0.00015069819336938385,0.10663918690470205
1.7809999999999997e-5,0.05623,1.4081245937409789e-18,0.11994948747967495,0.11994948747967495,true,Success,0.1667484932664913,0.05630811529280487,0.11044037797368644,0.03656087347914367,285912.9859614061,0.006480322369054865,0.12438784066106098,182234.9693231048,0.008984506138389288,0.12236193663343496,5.184059780188769e6,0.0,0.13079003605527015
1.7809999999999997e-5,0.1,4.604797028492595e-19,0.12214845074133517,0.12214845074133517,true,Success,0.2056176458536572,0.06599279591556667,0.13962484993809055,0.046195400794549084,804765.3955852472,0.002970322427308864,0.15787251589885362,516459.1076425717,0.004902203295318874,0.1563096064354182,Inf,0.0,0.16215341437832997
1.7809999999999997e-5,0.1778,1.5043479472876632e-19,0.12010701137649157,0.12010680003011222,false,Success,0.2504537188772271,0.07627641956817204,0.17417729930905504,0.05757751894618564,2.2023694492005827e6,0.0,0.19571126625661192,1.4169663005233293e6,0.0012913607663726828,0.19452300365697345,Inf,0.0,0.1979092549724502
2.3109999999999997e-5,1.0e-8,2.157386117292747e-10,0.11999480625724931,0.11999480625724931,true,Success,0.08829354984013678,0.03350288625763635,0.054790663582500426,0.02268867384293791,4.0,0.07794326154144082,0.004653937766776732,4.0,0.07794326154144082,0.004653937766776732,4.0,0.07794326154144082,0.004653937766776732
2.3109999999999997e-5,1.778e-8,2.1574209922661647e-10,0.12000468778968114,0.12000468778968114,true,Success,0.08830377646071164,0.03350571140663307,0.054798065054078575,0.022691736468361815,4.0,0.0779579892883143,0.004653946253143431,4.0,0.0779579892883143,0.004653946253143431,4.0,0.0779579892883143,0.004653946253143431
2.3109999999999997e-5,3.162e-8,2.1574558815275722e-10,0.12001514457542958,0.12001514457542958,true,Success,0.08826754642018206,0.03350139532939487,0.05476615109078719,0.02267853091006834,4.0,0.07795462853601844,0.004653818217234443,4.0,0.07795462853601844,0.004653818217234443,4.0,0.07795462853601844,0.004653818217234443
2.3109999999999997e-5,5.623e-8,2.1574907680193557e-10,0.12004425985086024,0.12004425985086024,true,Success,0.08826497101470564,0.03350086451430815,0.05476410650039748,0.022677684886164673,4.0,0.07796806944852039,0.0046538382479351945,4.0,0.07796806944852039,0.0046538382479351945,4.0,0.07796806944852039,0.0046538382479351945
2.3109999999999997e-5,1.0e-7,2.1575256586613873e-10,0.12014443915683105,0.12014443915683105,true,Success,0.08823104743256584,0.033499881860653835,0.054731165571911995,0.022664054364554383,4.0,0.07796990052521269,0.004653816373818797,4.0,0.07796990052521269,0.004653816373818797,4.0,0.07796990052521269,0.004653816373818797
2.3109999999999997e-5,1.778e-7,2.1575605358905447e-10,0.12043932584103481,0.12043932584103481,true,Success,0.08825494185945078,0.03349388166584356,0.05476106019360723,0.022676424365651558,4.0,0.07791707516372856,0.004653346135415961,4.0,0.07791707516372856,0.004653346135415961,4.0,0.07791707516372856,0.004653346135415961
2.3109999999999997e-5,3.162e-7,2.1330773474940018e-10,0.1199959882434105,0.1199959882434105,true,Success,0.08824963058109103,0.033493552724267434,0.05475607785682359,0.022674362741028527,4.0,0.07789303366246562,0.0046521650134075925,4.0,0.07789303366246562,0.0046521650134075925,4.0,0.07789303366246562,0.0046521650134075925
2.3109999999999997e-5,5.623e-7,2.082871412747103e-10,0.11998930907006444,0.11998930907006444,true,Success,0.08820181388160893,0.0334695796773983,0.054732234204210625,0.022664496550683946,4.0,0.0778231041406261,0.004648578107512327,4.0,0.0778231041406261,0.004648578107512327,4.0,0.0778231041406261,0.004648578107512327
2.3109999999999997e-5,1.0e-6,1.9424747152530885e-10,0.11986888191185956,0.11986888191185956,true,Success,0.0880677856314339,0.03343110267906134,0.05463668295237257,0.022624958600342825,4.0,0.07767214368624077,0.0046392179965221774,4.0,0.07767214368624077,0.0046392179965221774,4.0,0.07767214368624077,0.0046392179965221774
2.3109999999999997e-5,1.778e-6,1.624684682055574e-10,0.1192227833617602,0.1192227833617602,true,Success,0.08837289747402269,0.03347279030662954,0.05490010716739315,0.02273395997189515,4.0,0.07769424374795939,0.0046213098699975225,4.0,0.07769424374795939,0.0046213098699975225,4.0,0.07769424374795939,0.0046213098699975225
2.3109999999999997e-5,3.162e-6,1.148100503029593e-10,0.11990900996240886,0.11990900996240886,true,Success,0.08990826550348938,0.033905057935365725,0.05600320756812366,0.023190395048024143,4.0,0.07878758512197225,0.004596404996164982,4.0,0.07878758512197225,0.004596404996164982,4.0,0.07878758512197225,0.004596404996164982
2.3109999999999997e-5,5.623e-6,6.624066840797812e-11,0.11961510170300076,0.11961510170300076,true,Success,0.09366249144295963,0.035002834887702505,0.05865965655525712,0.02428947879775508,4.0,0.08179701234297951,0.004589761958224939,4.0,0.08179701234297951,0.004589761958224939,4.0,0.08179701234297951,0.004589761958224939
2.3109999999999997e-5,1.0e-5,3.266336262910721e-11,0.1195426601278377,0.1195426601278377,true,Success,0.09858767841249497,0.03645140265361463,0.06213627575888034,0.025727705934297077,4.0,0.08583819869123009,0.00457313861668364,4.0,0.08583819869123009,0.00457313861668364,4.0,0.08583819869123009,0.00457313861668364
2.3109999999999997e-5,1.778e-5,1.4472584441924047e-11,0.11958892706989747,0.11958892706989747,true,Success,0.10328857786916751,0.03784005749918884,0.06544852036997867,0.02709771684075986,4.0,0.08967102466994051,0.004443581287084754,4.0,0.08967102466994051,0.004443581287084754,4.0,0.08967102466994051,0.004443581287084754
2.3109999999999997e-5,3.162e-5,5.966325190518448e-12,0.11965063409538484,0.11965063409538484,true,Success,0.10733804737295957,0.038999802883089074,0.0683382444898705,0.028292783040535906,4.0,0.09283032817472911,0.003694206648153312,4.0,0.09283032817472911,0.003694206648153312,4.694318533635646,0.09402206281298495,0.004557937248761104
2.3109999999999997e-5,5.623e-5,2.3405013585757303e-12,0.11980405182219893,0.11980405182219893,true,Success,0.11056417185161384,0.03993048344962279,0.07063368840199104,0.029241954488235897,4.0,0.09529133781721086,0.0030251727199990886,4.0,0.09529133781721086,0.0030251727199990886,13.166827668083164,0.09052767192109651,0.010991069732371584
2.3109999999999997e-5,0.0001,8.823227849469704e-13,0.11979534729614312,0.11979534729614312,true,Success,0.11314815928510508,0.040663074453406826,0.07248508483169824,0.0300074272766472,4.0,0.09715845162326867,0.0025996885350103665,4.0,0.09715845162326867,0.0025996885350103665,41.352554822519636,0.08183876052137275,0.019908999868501136
2.3109999999999997e-5,0.0001778,3.1878999090906646e-13,0.1197349679027915,0.1197349679027915,true,Success,0.11500053474633402,0.04117753481464038,0.07382299993169365,0.030560549744523827,4.0,0.09850397311654284,0.002330255374251003,4.0,0.09850397311654284,0.002330255374251003,131.28987204796127,0.07101960813138501,0.02956867701137926
2.3109999999999997e-5,0.0003162,1.0570069413700688e-13,0.12162557435825212,0.12162557435825212,true,Success,0.11552055009462249,0.041275475702630716,0.07424507439199177,0.030735035803723096,10.971255718169813,0.09673814182392937,0.009069555378979124,5.754408381570988,0.1014413391258172,0.004413942519005766,418.74867695334166,0.05939486494844972,0.03935164826124631
2.3109999999999997e-5,0.0005623,2.615936707141855e-14,0.11986253467333148,0.11986253467333148,true,Success,0.11110216022677721,0.03977736037967152,0.0713247998471057,0.029527708238264432,35.28791150018,0.08207469401515174,0.019139213325734504,20.18711159900234,0.08744095565189959,0.014691627213881855,1281.6752206644544,0.04599599481422904,0.048046290199042545
2.3109999999999997e-5,0.001,5.8102783532628065e-15,0.12004954469814566,0.12004954469814566,true,Success,0.10293343266037562,0.036985845831245645,0.06594758682912999,0.027304121698563732,107.60658676259736,0.06528459690349744,0.027221148279501197,62.30224659884579,0.07079403779580125,0.023126555904647517,3843.6028768079123,0.03267180300305435,0.05359069951437176
2.3109999999999997e-5,0.001778,1.6549698301869805e-15,0.12017641269386316,0.12017641269386316,true,Success,0.09829755264057441,0.03534867023555383,0.06294888240502057,0.026063836402362053,332.0671906346761,0.05239786431082754,0.034057800463343224,191.8856899472892,0.05721828221901253,0.030160562457892188,11416.755429855451,0.022320270509914454,0.058389604851655764
2.3109999999999997e-5,0.003162,5.091791285837406e-16,0.1191844522773671,0.1191844522773671,true,Success,0.09476885690796363,0.03410836768699147,0.060660489220972176,0.025117222110711896,1022.4394871250433,0.04101468702344239,0.04038240372962152,591.8581634255777,0.045612551815364166,0.036662909308061986,32418.66686287682,0.014243930926851391,0.06203995399693694
2.3109999999999997e-5,0.005623,1.6081770264175233e-16,0.11976916026063783,0.11976916026063783,true,Success,0.09172110835902414,0.033024579436861046,0.05869652892216311,0.02430473354229881,3148.720290748891,0.030653326947250526,0.04625432535656913,1831.974873625086,0.034975477908915614,0.04275770843600765,87762.3709711772,0.008422154593611716,0.06423939576193884
2.3109999999999997e-5,0.01,5.141838608827762e-17,0.11995216755148873,0.11995216755148873,true,Success,0.08963289781556322,0.03222335803125461,0.0574095397843086,0.02377226901596517,9525.093213296568,0.021654709271128097,0.051833342233841236,5613.200822294004,0.02556236159723845,0.048672044670813194,228306.1564441037,0.004610237874074855,0.06562235381712685
2.3109999999999997e-5,0.01778,1.656575440979503e-17,0.1200146659370899,0.1200146659370899,true,Success,0.09029718856723569,0.03231792738415464,0.05797926118308106,0.024007982875638406,27976.674610953876,0.014519616662364164,0.05808273995772544,16884.40888000921,0.017820877072324184,0.055412012745527935,586884.5630154693,0.002227488609445664,0.06802709948883716
2.3109999999999997e-5,0.03162,5.3707125842347295e-18,0.12003568625436578,0.12003568625436578,true,Success,0.09899683432009107,0.034724348501382896,0.06427248581870816,0.02661131027810513,80747.90769649702,0.009648386965291468,0.06888998097924141,50142.412514436124,0.01231797199466352,0.06673027455116363,1.54910653299526e6,0.0006952434075844498,0.07613311488839566
2.3109999999999997e-5,0.05623,1.7510645990933318e-18,0.12000979361699685,0.12000979361699685,true,Success,0.1175129581656366,0.03968960865838764,0.07782334950724897,0.03221413159126477,229827.29708660895,0.006220422554431088,0.086292104485675,145673.9803308149,0.008333021539260271,0.08458299657295901,4.213376190967442e6,0.0,0.09175361757963746
2.3109999999999997e-5,0.1,5.734232781196709e-19,0.12222996840590845,0.12222996840590845,true,Success,0.14457781954673452,0.046493995757209035,0.09808382378952549,0.040582647933636994,650955.5926898536,0.003414659895772295,0.10990417981195186,416773.53318535216,0.005057947251354782,0.10857474559469382,Inf,0.0,0.11393806227286446
2.3109999999999997e-5,0.1778,1.8757866756337916e-19,0.11992198629868356,0.11990559062573525,false,Success,0.17612856854243858,0.0538573596301357,0.12227120891230286,0.05055664447461658,1.7844042114275678e6,0.0009493618717309801,0.13677681261084895,1.1470461275421923e6,0.0022032484391503347,0.1357624061228533,Inf,0.0,0.13912921515492732
2.9999999999999997e-5,1.0e-8,1.345609699546748e-10,0.11999873482175338,0.11999873482175338,true,Success,0.06763097150142115,0.025185626379292454,0.04244534512212869,0.022023620037341114,4.0,0.05965971992708671,0.0035845800387125258,4.0,0.05965971992708671,0.0035845800387125258,4.0,0.05965971992708671,0.0035845800387125258
2.9999999999999997e-5,1.778e-8,1.3455941851124537e-10,0.11999878617819856,0.11999878617819856,true,Success,0.06762009881184784,0.025182508467959466,0.04243759034388838,0.022019599172315513,4.0,0.05966479448201297,0.003584485856795742,4.0,0.05966479448201297,0.003584485856795742,4.0,0.05966479448201297,0.003584485856795742
2.9999999999999997e-5,3.162e-8,1.345578664751954e-10,0.12000192491593067,0.12000192491593067,true,Success,0.067596671767199,0.025182992841845997,0.04241367892535299,0.02200720105338808,4.0,0.05967008186445877,0.0035845241045436636,4.0,0.05967008186445877,0.0035845241045436636,4.0,0.05967008186445877,0.0035845241045436636
2.9999999999999997e-5,5.623e-8,1.345563146053458e-10,0.1200150921995164,0.1200150921995164,true,Success,0.06760214295950011,0.02518195092389315,0.04242019203560696,0.022010578115724332,4.0,0.059661480774039044,0.003584551734779931,4.0,0.059661480774039044,0.003584551734779931,4.0,0.059661480774039044,0.003584551734779931
2.9999999999999997e-5,1.0e-7,1.3455476259387733e-10,0.1200598086114662,0.1200598086114662,true,Success,0.06760168773549162,0.025181868698137953,0.042419819037353666,0.022010384715344392,4.0,0.059665064561581424,0.003584524833547459,4.0,0.059665064561581424,0.003584524833547459,4.0,0.059665064561581424,0.003584524833547459
2.9999999999999997e-5,1.778e-7,1.3455321122201726e-10,0.12020504600748752,0.12020504600748752,true,Success,0.06760438679636599,0.025181832899394383,0.042422553896971596,0.022011802745989593,4.0,0.05966469160485274,0.0035843791620438154,4.0,0.05966469160485274,0.0035843791620438154,4.0,0.05966469160485274,0.0035843791620438154
2.9999999999999997e-5,3.162e-7,1.3455165925756398e-10,0.12066722345941715,0.12066722345941715,true,Success,0.0675807832502757,0.025179469022952462,0.04240131422732323,0.02200078992695042,4.0,0.059653207817692726,0.00358402767703467,4.0,0.059653207817692726,0.00358402767703467,4.0,0.059653207817692726,0.00358402767703467
2.9999999999999997e-5,5.623e-7,1.3222405819939433e-10,0.11999536935093702,0.11999536935093702,true,Success,0.06764170422849035,0.025186495364651246,0.0424552088638391,0.02202873440106418,4.0,0.059652536351701056,0.00358304213874889,4.0,0.059652536351701056,0.00358304213874889,4.0,0.059652536351701056,0.00358304213874889
2.9999999999999997e-5,1.0e-6,1.275405122148419e-10,0.11997711313183344,0.11997711313183344,true,Success,0.0676523224866477,0.025190006917867144,0.04246231556878056,0.022032419235829815,4.0,0.05965551229241625,0.0035800753180016387,4.0,0.05965551229241625,0.0035800753180016387,4.0,0.05965551229241625,0.0035800753180016387
2.9999999999999997e-5,1.778e-6,1.1518912656188339e-10,0.11972051394353644,0.11972051394353644,true,Success,0.06781955468950228,0.025230608808586394,0.042588945880915885,0.022098076979090414,4.0,0.059734333868565546,0.003572709069645353,4.0,0.059734333868565546,0.003572709069645353,4.0,0.059734333868565546,0.003572709069645353
2.9999999999999997e-5,3.162e-6,9.125303483628001e-11,0.11997592982257858,0.11997592982257858,true,Success,0.06867565290322374,0.02546320180690877,0.043212451096314955,0.022421357940960975,4.0,0.060364033375497665,0.0035632643509924027,4.0,0.060364033375497665,0.0035632643509924027,4.0,0.060364033375497665,0.0035632643509924027
2.9999999999999997e-5,5.623e-6,5.944458121743676e-11,0.11983675372945539,0.11983675372945539,true,Success,0.0710150812325632,0.026137351233812847,0.044877729998750344,0.02328473681402559,4.0,0.06226132599246493,0.0035581136522412475,4.0,0.06226132599246493,0.0035581136522412475,4.0,0.06226132599246493,0.0035581136522412475
2.9999999999999997e-5,1.0e-5,3.213981882212743e-11,0.11957835455052841,0.11957835455052841,true,Success,0.07476342577958216,0.02723418933990756,0.04752923643967459,0.02465927565658882,4.0,0.06542325063701677,0.0035576930225505476,4.0,0.06542325063701677,0.0035576930225505476,4.0,0.06542325063701677,0.0035576930225505476
2.9999999999999997e-5,1.778e-5,1.5160209028377203e-11,0.11961771141647065,0.11961771141647065,true,Success,0.07887267188042511,0.02841315720860814,0.05045951467181699,0.026178090898624832,4.0,0.06876752174455829,0.003547316180405417,4.0,0.06876752174455829,0.003547316180405417,4.0,0.06876752174455829,0.003547316180405417
2.9999999999999997e-5,3.162e-5,6.51924108497562e-12,0.11964648302433392,0.11964648302433392,true,Success,0.08252420341132582,0.02945097210959089,0.05307323130173494,0.0275326031339702,4.0,0.07170781134734518,0.0033640510536433153,4.0,0.07170781134734518,0.0033640510536433153,4.0,0.07170781134734518,0.0033640510536433153
2.9999999999999997e-5,5.623e-5,2.631934001333026e-12,0.11976167303394777,0.11976167303394777,true,Success,0.08545165216401658,0.030279544827888506,0.055172107336128075,0.02862014813944868,4.0,0.07397726614369153,0.0026523540109424947,4.0,0.07397726614369153,0.0026523540109424947,10.179505073131146,0.07187057680178513,0.007244711739575665
2.9999999999999997e-5,0.0001,1.0119892851374169e-12,0.11980663943977775,0.11980663943977775,true,Success,0.08775109890167221,0.030923300873258456,0.056827798028413756,0.029477949329502436,4.0,0.07574509079333558,0.002226210229720974,4.0,0.07574509079333558,0.002226210229720974,31.638058137836506,0.06593972531173044,0.013721268204077649
2.9999999999999997e-5,0.0001778,3.695906522905744e-13,0.11971455263609668,0.11971455263609668,true,Success,0.08938925198991586,0.03136524431685806,0.05802400767305781,0.0300976375867453,4.0,0.07691895382857804,0.0019634470642459264,4.0,0.07691895382857804,0.0019634470642459264,100.398365136081,0.05800201342599785,0.020978604157054735
2.9999999999999997e-5,0.0003162,1.2163874389181402e-13,0.12233850016151022,0.12233850016151022,true,Success,0.08972915640669565,0.031412339630183715,0.058316816776511946,0.030249317647827352,8.151552693278543,0.07735636786586945,0.005404898376675495,4.0,0.07719735526167035,0.001905728680253197,321.22255635445913,0.049133947406807335,0.028379207522526984
2.9999999999999997e-5,0.0005623,2.9000707324045583e-14,0.12007925470875147,0.12007925470875147,true,Success,0.0857155489437688,0.03008486931470331,0.055630679629065496,0.028857740466765265,26.83252238492436,0.06574693740199788,0.013333955621909324,15.223157658467008,0.06972356742861681,0.00996246331671888,979.8197046280939,0.038539593981903236,0.035156529754797196
2.9999999999999997e-5,0.001,6.704240432288372e-15,0.11993444974038023,0.11993444974038023,true,Success,0.07988824028470633,0.028108658168147418,0.051779582116558906,0.026862219490217113,82.25543918517047,0.053290890570124226,0.019574977095063794,47.53146997087132,0.05735323524147663,0.01645584687178814,2961.128163790763,0.028268244164850773,0.03969524273163032
2.9999999999999997e-5,0.001778,2.00035265843089e-15,0.11980951956681836,0.11980951956681836,true,Success,0.07698817291371621,0.027105768688382204,0.04988240422533401,0.025878984813580808,254.65447908824035,0.04359211563224605,0.024848533722111977,147.09512956469325,0.047286360982544975,0.02186333466668005,8949.744815429312,0.02013744741438094,0.04382196061801082
2.9999999999999997e-5,0.003162,6.229362797440838e-16,0.1197706112169172,0.1197706112169172,true,Success,0.07442899058230285,0.026218875637395864,0.04821011494490698,0.025012209944319266,789.6943119032585,0.034794377655439884,0.029778385216542722,456.6384853648044,0.03834048070852027,0.026909841848654022,26156.19218031351,0.013341846087168272,0.04713347314945114
2.9999999999999997e-5,0.005623,1.9806352004887355e-16,0.11991098495021327,0.11991098495021327,true,Success,0.07211263342862391,0.025409860470226985,0.04670277295839692,0.02423085907615757,2440.757918450425,0.026686766362768156,0.03441225193715953,1415.778713295244,0.030061871146228072,0.031681797917991215,72537.6319364789,0.008186080561445642,0.049379379629866035
2.9999999999999997e-5,0.01,6.356158525158382e-17,0.11996510339493897,0.11996510339493897,true,Success,0.07019664874014404,0.024711758593068425,0.04548489014707562,0.02359950564051463,7455.188074659949,0.01940683955280803,0.0387197997816707,4361.757269559714,0.0225322404304362,0.036191339878686404,191559.648088011,0.004662596777592416,0.050647948826948445
2.9999999999999997e-5,0.01778,2.0519575870277613e-17,0.11997865478691973,0.11997865478691973,true,Success,0.06940885377479071,0.024366630240540157,0.04504222353425056,0.02337001587744898,22196.304274266997,0.013291882982136485,0.04300576632823267,13232.033164149669,0.01602089234197467,0.04079798779520822,492904.984316984,0.002413692114906167,0.05180626270829017
2.9999999999999997e-5,0.03162,6.657750823223458e-18,0.11999902628749651,0.11999902628749651,true,Success,0.07260540928234825,0.025208197207967045,0.04739721207438121,0.024590839080697917,64384.1321225777,0.008810456952829391,0.049128108596987435,39468.84941547328,0.011044935156738385,0.047320405317051104,1.2792475895148441e6,0.0010104381410082756,0.05543836038660719
2.9999999999999997e-5,0.05623,2.1724562600327145e-18,0.12001903757764718,0.12001903757764718,true,Success,0.0832213245613321,0.028073520054660833,0.05514780450667126,0.028607556325769497,184095.22384496717,0.005790772962906211,0.05995750283682099,115745.13300829435,0.007567158879899489,0.058520394295637025,3.430807039225113e6,1.7754909547690148e-5,0.06462791430294741
2.9999999999999997e-5,0.1,7.11383768885634e-19,0.11997372597170256,0.11997372597170256,true,Success,0.10084693904078776,0.03253971110157829,0.06830722793920947,0.03542258542170053,519392.66438856843,0.003511547999857315,0.07571418936253956,331308.77677735453,0.004901524330535363,0.07458968634197029,9.400880305437127e6,0.0,0.07926351507440009
2.9999999999999997e-5,0.1778,2.3356634813824844e-19,0.12097484715551657,0.12097484715551657,true,Success,0.12404610309629426,0.038042917235336954,0.08600318586095732,0.04457536190758444,1.4519859508834367e6,0.0015496011321370724,0.095617367360572,932086.6671698348,0.0026193697117770955,0.09475191413812283,Inf,0.0,0.09794633539030208
3.777e-5,1.778e-6,8.094404991044123e-11,0.11998663255783323,0.11998663255783323,true,Success,0.05369448777908446,0.019654316070082042,0.03404017170900242,0.02156715048455822,3.999999999999999,0.047310191700836994,0.0028425614813777874,3.999999999999999,0.047310191700836994,0.0028425614813777874,3.999999999999999,0.047310191700836994,0.0028425614813777874
3.777e-5,3.162e-6,6.954014293124862e-11,0.11980687990581543,0.11980687990581543,true,Success,0.05419952313137702,0.019795050357155005,0.03440447277422202,0.02179780401517062,3.999999999999999,0.04769722867466057,0.0028380469075308563,3.999999999999999,0.04769722867466057,0.0028380469075308563,3.999999999999999,0.04769722867466057,0.0028380469075308563
3.777e-5,5.623e-6,5.068673050172047e-11,0.11992607729514963,0.11992607729514963,true,Success,0.05562769255289491,0.020208005971987287,0.035419686580907626,0.022440549233599807,3.999999999999999,0.04890370538651165,0.0028372538183888472,3.999999999999999,0.04890370538651165,0.0028372538183888472,3.999999999999999,0.04890370538651165,0.0028372538183888472
3.777e-5,1.0e-5,3.0247390062838176e-11,0.1197171539622349,0.1197171539622349,true,Success,0.05839763734186788,0.02100700442883124,0.037390632913036646,0.02368826364235838,3.999999999999999,0.05124304037176779,0.002836448328267931,3.999999999999999,0.05124304037176779,0.002836448328267931,3.999999999999999,0.05124304037176779,0.002836448328267931
3.777e-5,1.778e-5,1.5295617325502145e-11,0.11942993460740033,0.11942993460740033,true,Success,0.06185282532014644,0.02198904643834858,0.03986377888179786,0.025253666446554943,3.999999999999999,0.05411311199999902,0.0028448638939664126,3.999999999999999,0.05411311199999902,0.0028448638939664126,3.999999999999999,0.05411311199999902,0.0028448638939664126
3.777e-5,3.162e-5,6.896640307399889e-12,0.11961246569479124,0.11961246569479124,true,Success,0.06513284824159013,0.02291258562323582,0.042220262618354314,0.026744973347479713,3.999999999999999,0.056798969072751906,0.002814414657511138,3.999999999999999,0.056798969072751906,0.002814414657511138,3.999999999999999,0.056798969072751906,0.002814414657511138
3.777e-5,5.623e-5,2.873488708933903e-12,0.11961941988338942,0.11961941988338942,true,Success,0.06784306504757706,0.023666924349078248,0.0441761406984988,0.027982557546661974,3.999999999999999,0.058957301140288944,0.0024838679623923506,3.999999999999999,0.058957301140288944,0.0024838679623923506,8.167489252612723,0.05826462210913701,0.005136690205419316
3.777e-5,0.0001,1.1287689421774917e-12,0.11972929321552765,0.11972929321552765,true,Success,0.06998865136634803,0.024253203239354343,0.0457354481269937,0.02896907632828305,3.999999999999999,0.06059045024453002,0.001967832251122436,3.999999999999999,0.06059045024453002,0.001967832251122436,24.922887266388273,0.05424109487840985,0.009809135798094315
3.777e-5,0.0001778,4.1685233533144477e-13,0.11964924788426921,0.11964924788426921,true,Success,0.07139681659719799,0.02463341831805496,0.046763398279143026,0.02961935644280977,3.999999999999999,0.06168904766488876,0.001718900980113106,3.999999999999999,0.06168904766488876,0.001718900980113106,79.25893432536206,0.04836870755547907,0.01543177169344436
3.777e-5,0.0003162,1.3564536233953994e-13,0.1201050873882481,0.1201050873882481,true,Success,0.07158339449599005,0.024637012560742452,0.046946381935247604,0.029735105947570055,6.080241168845201,0.06304958197001431,0.003195708503353389,3.999999999999999,0.061880086818405046,0.0016878359089637597,250.80437865788977,0.041293162518014986,0.021167782583147856
3.777e-5,0.0005623,3.162553802719034e-14,0.11950658637942205,0.11950658637942205,true,Success,0.06800679810280358,0.023479459840104813,0.04452733826269877,0.028204758471818962,20.913521753391343,0.05382033699511772,0.00975950836063862,11.773888079994157,0.05689357957878939,0.0071369599587711675,768.9191038128937,0.032654223319680986,0.02673008414478078
3.777e-5,0.001,7.699719207053846e-15,0.11882960342959438,0.11882960342959438,true,Success,0.06395010287339721,0.02210671830986089,0.041843384563536326,0.026506482307831432,64.68925686586047,0.04448986960603172,0.014833360008906431,37.267822941334245,0.047534076264802196,0.012385942301498542,2337.1897319774657,0.024658270041752132,0.03066806173111599
3.777e-5,0.001778,2.3550934370958862e-15,0.12006946486821513,0.12006946486821513,true,Success,0.0619393985150598,0.02142625595435525,0.04051314256070455,0.025664643270141903,201.74358020930416,0.03679120013814879,0.018811489608417022,116.50964375817429,0.03970627590541992,0.016457739324793802,7184.302640548787,0.01810120319976684,0.03392978832151069
3.777e-5,0.003162,7.413590925329944e-16,0.11994562431320112,0.11994562431320112,true,Success,0.06009090103086962,0.02077846367271574,0.03931243735815387,0.024904712259249062,627.2058711423609,0.02987530861093283,0.022754716819497974,362.4675619880471,0.03268889874256749,0.02047887011566136,21398.155080883877,0.012424565659214053,0.03687231559767823
3.777e-5,0.005623,2.371527815850036e-16,0.11994151785118898,0.11994151785118898,true,Success,0.05830431444602785,0.020157250141764723,0.03814706430426312,0.024167082486156965,1944.2323240186124,0.023386310417330226,0.02645848168821287,1126.004809347958,0.02608493191600137,0.02427530986763659,60743.74306720275,0.007880397155493895,0.03900284161421078
3.777e-5,0.01,7.638170801093374e-17,0.12000221210467177,0.12000221210467177,true,Success,0.056695922044646116,0.01958777607029733,0.037108145974348784,0.023509444079897975,5979.891137633607,0.017431101282640565,0.02993208942752995,3482.933922035042,0.01997097260395803,0.027877322333492594,163386.27901404217,0.004634556693840781,0.04028456015071984
3.777e-5,0.01778,2.4718440934888363e-17,0.12000299013445527,0.12000299013445527,true,Success,0.0555743327493809,0.019169794917523613,0.036404537831857285,0.023064032505340684,18013.774916948318,0.012226508928402942,0.033204351353054676,10641.586190827416,0.014506565970915444,0.03135977415004702,423336.76133259997,0.0025082435017027204,0.04106647572147546
3.777e-5,0.03162,8.030002989940441e-18,0.12002377011261166,0.12002377011261166,true,Success,0.05633305400270173,0.019317258227113963,0.03701579577558777,0.023450983941931673,52692.68187947493,0.008152508632763934,0.03708023579136152,31922.296233620782,0.01005876740960382,0.0355380625568623,1.0891877561953992e6,0.0011788544194712251,0.042721958279802685
3.777e-5,0.05623,2.622028279682496e-18,0.12002432272902097,0.12002432272902097,true,Success,0.06205233670163965,0.020852635535347604,0.04119970116629205,0.026099139674882324,151137.1223286291,0.005373921772174767,0.04383504282324024,94164.475101371,0.006896997314878456,0.04260286450340956,2.876642015115342e6,0.00031055493516370276,0.04793134073818661
3.777e-5,0.1,8.595708460520805e-19,0.12001449184721641,0.12001449184721641,true,Success,0.07385940254499782,0.023878274244374716,0.04998112830062309,0.031654526605828036,428494.2690007864,0.0034140077574398753,0.05475701149028132,272075.10367574205,0.004611114084293241,0.05378854227427891,7.830221783216376e6,0.0,0.057841037589451395
3.777e-5,0.1778,2.82625185742586e-19,0.12096455698782145,0.12096455698782145,true,Success,0.09070760919570682,0.027907892030490468,0.06279971716521636,0.03975601183550189,1.2037386324712257e6,0.001807329506367306,0.06936463274162984,771294.5463095899,0.0027349598986035556,0.0686141708097955,Inf,0.0,0.07158842920974269
4.755e-5,1.0e-6,5.638090379142512e-11,0.11930902106329201,0.11930902106329201,true,Success,0.042420741675067,0.015293632360435336,0.02712710931463166,0.020984550606343282,4.0,0.037379069171906705,0.0022601429361061697,4.0,0.037379069171906705,0.0022601429361061697,4.0,0.037379069171906705,0.0022601429361061697
4.755e-5,1.778e-6,5.46634993166457e-11,0.11940112791537931,0.11940112791537931,true,Success,0.042528334497101195,0.015322322018466377,0.02720601247863482,0.02104554753995451,4.0,0.037449564726678056,0.002259319601231954,4.0,0.037449564726678056,0.002259319601231954,4.0,0.037449564726678056,0.002259319601231954
4.755e-5,3.162e-6,5.0123803559896935e-11,0.11978919898532746,0.11978919898532746,true,Success,0.042813962265429925,0.015404086430337643,0.027409875835092273,0.021203144682351734,4.0,0.03769144052962546,0.00225776012626651,4.0,0.03769144052962546,0.00225776012626651,4.0,0.03769144052962546,0.00225776012626651
4.755e-5,5.623e-6,4.015514452192919e-11,0.11881973821550776,0.11881973821550776,true,Success,0.043656924851345855,0.01564609895009897,0.028010825901246886,0.021667697233579458,4.0,0.038409495015762414,0.002257160301998985,4.0,0.038409495015762414,0.002257160301998985,4.0,0.038409495015762414,0.002257160301998985
4.755e-5,1.0e-5,2.695709390997563e-11,0.11986234336147,0.11986234336147,true,Success,0.0455286330195599,0.016184308171217323,0.029344324848342578,0.022698457840901735,4.0,0.04002790967048476,0.0022610087257523954,4.0,0.04002790967048476,0.0022610087257523954,4.0,0.04002790967048476,0.0022610087257523954
4.755e-5,1.778e-5,1.4865683839279792e-11,0.11959755423143534,0.11959755423143534,true,Success,0.04827698635322279,0.0169643481013653,0.0313126382518575,0.02421971788632459,4.0,0.04236280750400351,0.0022714906619137015,4.0,0.04236280750400351,0.0022714906619137015,4.0,0.04236280750400351,0.0022714906619137015
4.755e-5,3.162e-5,7.106316562757787e-12,0.11976655101083035,0.11976655101083035,true,Success,0.051156472337108634,0.01776704291148183,0.0333894294256268,0.02582454915457875,4.0,0.04478149066782212,0.0022748292200699275,4.0,0.04478149066782212,0.0022748292200699275,4.0,0.04478149066782212,0.0022748292200699275
4.755e-5,5.623e-5,3.0813435576232346e-12,0.11969684827232241,0.11969684827232241,true,Success,0.05361508283299671,0.018449902407130087,0.035165180425866624,0.027196520824594242,4.0,0.04679962906580594,0.0022317111787447724,4.0,0.04679962906580594,0.0022317111787447724,6.5993948462725305,0.04688473965743502,0.0036268896797960067
4.755e-5,0.0001,1.2420138655139585e-12,0.11975669258897158,0.11975669258897158,true,Success,0.05561425859599819,0.018983137272759788,0.036631121323238404,0.028328958821604928,4.0,0.048340747869404246,0.001797553304989797,4.0,0.048340747869404246,0.001797553304989797,19.65027309375843,0.044288530826434844,0.007033430059846898
4.755e-5,0.0001778,4.648092025244375e-13,0.11957313270848036,0.11957313270848036,true,Success,0.05692444361637393,0.019325468898857293,0.037598974717516644,0.029076537181987182,4.0,0.049358951005036476,0.0015263081630494438,4.0,0.049358951005036476,0.0015263081630494438,62.45453751944022,0.04006783848840151,0.011315601410280126
4.755e-5,0.0003162,1.4958131050021325e-13,0.11982526793686392,0.11982526793686392,true,Success,0.05697809276305259,0.019296621407402938,0.03768147135564965,0.029140255009114116,4.368327875159419,0.04995531913401409,0.0017834238639279083,4.0,0.04942688784236417,0.0015565366129777027,197.16644438494612,0.034432816622918465,0.015839036839743616
4.755e-5,0.0005623,3.430646740968738e-14,0.11957214729653058,0.11957214729653058,true,Success,0.05387786893749472,0.01830235463234486,0.03557551430514986,0.027513519163540785,16.29860493548485,0.04381237376707867,0.00735870794226899,9.056492113322992,0.046186233632801145,0.005328162893911002,604.4162469263117,0.02745062635802894,0.020546690487179015
4.755e-5,0.001,8.854182491048807e-15,0.11997638880719046,0.11997638880719046,true,Success,0.05108982867829964,0.01738196105337415,0.033707867624925496,0.02607059537142466,51.21841055786248,0.036838554729177,0.011027395430460059,29.48415365752962,0.03918605646547802,0.00910996714340872,1857.0120468942023,0.021230888639703984,0.02345212632993284
4.755e-5,0.001778,2.7586199279729583e-15,0.11995100400163229,0.11995100400163229,true,Success,0.04980257134059626,0.016927734934354653,0.032874836406241614,0.025426926311481277,159.5611403128061,0.030927203857747793,0.01430020729267207,92.12172196158446,0.033223813694961836,0.012447359047132617,5732.302068147847,0.016088862444211052,0.02630184144065229
4.755e-5,0.003162,8.782311171291529e-16,0.11971862263809759,0.11971862263809759,true,Success,0.048425692995205015,0.016455341249691727,0.031970351745513284,0.024727993764989267,496.69395346261786,0.025465664568373417,0.01733011814402178,286.93151967090097,0.02769195142265504,0.01552952442724936,17321.986354234446,0.0114081090590684,0.028702564698849225
4.755e-5,0.005623,2.8278259764895075e-16,0.12001737173479161,0.12001737173479161,true,Success,0.047064914987131036,0.015984899598961756,0.03108001538816928,0.024039942102133675,1545.6934983536937,0.020294455518330465,0.020303419753802017,894.1420664978201,0.022442505047101994,0.018565671731188796,50363.24979594975,0.007481457655280291,0.03066920416201715
4.755e-5,0.01,9.144474613629063e-17,0.12000480692247453,0.12000480692247453,true,Success,0.04576754729747717,0.015534500373083057,0.030233046924394106,0.02338535848011815,4776.439202275897,0.015476764801393463,0.02309916945205038,2773.855697485802,0.017521314446368258,0.021445118806518948,138407.0855976366,0.004540566397708481,0.031946621957711835
4.755e-5,0.01778,2.971174601006034e-17,0.12160648765522189,0.12160648765522189,true,Success,0.04472226568662794,0.015158225593316029,0.029564040093311914,0.02286828202522762,14636.516714524809,0.011129906706890652,0.025736828740162625,8586.736708990851,0.013010750289136558,0.02421521533240452,365152.9934468566,0.0025436781603295384,0.0326831386797159
4.755e-5,0.03162,9.664237056276524e-18,0.12065888869809277,0.12065888869809277,true,Success,0.04448599289024195,0.01502615449483003,0.02945983839541192,0.02278774192020456,43174.83628524497,0.00755324554281835,0.028413396664505725,25861.56351167773,0.009173006847438596,0.02710300012852027,935277.9610350049,0.0012858931141759991,0.033483721975803404
4.755e-5,0.05623,3.157270454920204e-18,0.12001312814496805,0.12001312814496805,true,Success,0.04699382076844095,0.015683664330097977,0.03131015643834298,0.024217799907586973,124018.8553584823,0.004974423733652045,0.03246730748504555,76435.65214121701,0.006280997008828563,0.03141028084216789,2.426874257745001e6,0.0004925518782149655,0.03609317214870108
4.755e-5,0.1,1.0360724077309978e-18,0.11998661311647982,0.11998661311647982,true,Success,0.054350339683288576,0.017585638669118234,0.03676470101417034,0.028432141133745717,352779.69535853853,0.003232706882391119,0.03969457983824186,222582.29416447476,0.004262433988279968,0.03886152207296795,6.524530257344562e6,0.0,0.04238165148199572
4.755e-5,0.1778,3.411883958246181e-19,0.1210801408532851,0.1210801408532851,true,Success,0.06629360255804717,0.02047314757091941,0.04582045498712777,0.03542380262691341,996668.2719702476,0.001895241618970655,0.050217194882573944,636808.3644914762,0.0026978607570684677,0.049567868392474214,1.7949830610623844e7,0.0,0.052260312775717244
5.986e-5,1.0e-6,3.692183221666017e-11,0.11936802932692007,0.11936802932692007,true,Success,0.03365498668537868,0.011938280046188573,0.021716706639190113,0.020548704910232807,4.0,0.029626847492113046,0.0017956504025872773,4.0,0.029626847492113046,0.0017956504025872773,4.0,0.029626847492113046,0.0017956504025872773
5.986e-5,1.778e-6,3.6391129173460494e-11,0.11968536000263744,0.11968536000263744,true,Success,0.03370607200734938,0.011953366936023486,0.021752705071325897,0.020582745973190222,4.0,0.02967081506838609,0.0017954770429911605,4.0,0.02967081506838609,0.0017954770429911605,4.0,0.02967081506838609,0.0017954770429911605
5.986e-5,3.162e-6,3.465416171578273e-11,0.11992869739461974,0.11992869739461974,true,Success,0.03387068491290758,0.012000641101712905,0.021870043811194673,0.0206937038342221,4.0,0.02980809157722214,0.0017951729503997015,4.0,0.02980809157722214,0.0017951729503997015,4.0,0.02980809157722214,0.0017951729503997015
5.986e-5,5.623e-6,3.017393477973599e-11,0.11950308826192074,0.11950308826192074,true,Success,0.034333838761002516,0.012134662141903119,0.022199176619099398,0.02100493237281722,4.0,0.030226902948047175,0.0017953364270030911,4.0,0.030226902948047175,0.0017953364270030911,4.0,0.030226902948047175,0.0017953364270030911
5.986e-5,1.0e-5,2.255498156851299e-11,0.1199461823955897,0.1199461823955897,true,Success,0.035488617051192946,0.012471310682517323,0.023017306368675623,0.021778517979054425,4.0,0.03125901943824238,0.0017964485678249435,4.0,0.03125901943824238,0.0017964485678249435,4.0,0.03125901943824238,0.0017964485678249435
5.986e-5,1.778e-5,1.37816452146408e-11,0.11974239025801914,0.11974239025801914,true,Success,0.03753078148241153,0.013048539773537687,0.02448224170887384,0.0231635476596665,4.0,0.03302207147590346,0.0018041974844833777,4.0,0.03302207147590346,0.0018041974844833777,4.0,0.03302207147590346,0.0018041974844833777
5.986e-5,3.162e-5,7.094300802379823e-12,0.11955281217887828,0.11955281217887828,true,Success,0.03997875591295448,0.013722903014405643,0.026255852898548843,0.024840152240722387,4.0,0.03509417182827284,0.001816612832740693,4.0,0.03509417182827284,0.001816612832740693,4.0,0.03509417182827284,0.001816612832740693
5.986e-5,5.623e-5,3.2305649536550635e-12,0.11961081996108741,0.11961081996108741,true,Success,0.04220705014950227,0.014333647485666961,0.027873402663835305,0.02636896239396954,4.0,0.036980170356365145,0.0018248471180425066,4.0,0.036980170356365145,0.0018248471180425066,5.336008784432278,0.037292573695526236,0.0024242289263765415
5.986e-5,0.0001,1.344749171191207e-12,0.11963328176444801,0.11963328176444801,true,Success,0.04403175547506261,0.014817363595850588,0.029214391879212022,0.027636178291394333,4.0,0.03842512075053121,0.0017429910669730954,4.0,0.03842512075053121,0.0017429910669730954,15.477995360804847,0.035955147048421704,0.005147472477295454
5.986e-5,0.0001778,5.115357586116611e-13,0.11943960610485345,0.11943960610485345,true,Success,0.04522375580867043,0.015123219784707318,0.030100536023963103,0.028473464862744442,4.0,0.039362821026841785,0.001389269985513958,4.0,0.039362821026841785,0.001389269985513958,49.12656021907847,0.03295018673879158,0.0083130380181701
5.986e-5,0.0003162,1.6270626680259347e-13,0.11996329366735689,0.11996329366735689,true,Success,0.04517406400117081,0.015067539441128491,0.03010652456004232,0.028479122923487348,4.0,0.0393691743994256,0.0017321114736082023,4.0,0.0393691743994256,0.0017321114736082023,154.96944289479802,0.02848054071605769,0.01211755945098248
5.986e-5,0.0005623,3.694428510827269e-14,0.12002346285435911,0.12002346285435911,true,Success,0.04250175940139648,0.014222300838384837,0.02827945856301164,0.02675269967606914,12.651290235453198,0.03546699646696961,0.0050358791428693735,6.909355704258337,0.03728499047798803,0.003471582743782275,474.64345084445137,0.022844605725622948,0.015235336726799303
5.986e-5,0.001,1.010159436715363e-14,0.12002950730104783,0.12002950730104783,true,Success,0.04075557127665201,0.013642254494936687,0.027113316781715326,0.025650608201172403,40.33155660609845,0.030363482957021525,0.007995519361738632,23.164988382784962,0.032168900233235535,0.00649718297139221,1466.4374517394447,0.018140063524207616,0.017724741717841417
5.986e-5,0.001778,3.2135315672185136e-15,0.11996686903389646,0.11996686903389646,true,Success,0.039915600287205026,0.013347091485453124,0.0265685088017519,0.025135676191947048,126.0384891651561,0.025813917549846077,0.010906717030027678,72.88139717168926,0.027716536024944147,0.00945133292980348,4555.040375361036,0.014102921562001618,0.02037747691913559
5.986e-5,0.003162,1.0348510385091525e-15,0.11893333925317011,0.11893333925317011,true,Success,0.03893337488893648,0.01301626052899587,0.025917114359940614,0.024519964023639106,391.7678171496157,0.02155045693840415,0.013185565465741168,226.27330433694837,0.023306321488577194,0.011765707130562315,13879.244890370994,0.010323899515487822,0.022267649285347902
5.986e-5,0.005623,3.3581280333699214e-16,0.12043597355463535,0.12043597355463535,true,Success,0.03794823803312137,0.012666490595963023,0.02528174743715834,0.023919361795528112,1228.9692388883877,0.017463522575953985,0.015570172803412977,710.4397928859887,0.019167721762638257,0.014191514423490828,41403.412330959494,0.007002214988979888,0.02403342642396397
5.986e-5,0.01,1.0895983024837981e-16,0.11882736882709154,0.11882736882709154,true,Success,0.036930886663845613,0.012316855729163195,0.024614030934682413,0.023288138913565386,3786.9707529910434,0.013616652892220383,0.017784614681760368,2194.5147624326837,0.015253190953939634,0.01646064757426414,115779.04768295784,0.00440054970888896,0.025240507094119822
5.986e-5,0.01778,3.5520737487171265e-17,0.12001921721748872,0.12001921721748872,true,Success,0.03601594973378798,0.01199848259486025,0.024017467138927735,0.0227241451853351,11677.228282258726,0.010051471313005378,0.01989659686518071,6814.593570557668,0.011584845809749783,0.018656086565352382,310204.1063447701,0.0025512566800983756,0.02596432234035547
5.986e-5,0.03162,1.1594788913255938e-17,0.12067171261698462,0.12067171261698462,true,Success,0.035472617590697135,0.011790363861583482,0.023682253729113655,0.022407219046363717,35121.46632119411,0.006971461614169865,0.02193308969485644,20833.179720639506,0.008332346787951743,0.020832124436555022,803195.1221413298,0.001353232564462225,0.026478274822398905
5.986e-5,0.05623,3.79544302965656e-18,0.12098491388689145,0.12098491388689145,true,Success,0.03630180045962134,0.011981611534806954,0.02432018892481439,0.023010343582308836,102174.65096440428,0.004610938194118372,0.024474815909079392,62244.995879631766,0.005731553199839369,0.02356823049047784,2.0713605836693118e6,0.0006052183105399533,0.02771547146785152
5.986e-5,0.1,1.246948877413007e-18,0.1212252182673539,0.1212252182673539,true,Success,0.04046988340818333,0.013064796409944698,0.027405086998238633,0.02592636610442509,291779.978406544,0.003016183978807313,0.029055478679663994,182591.24480958685,0.0039022164116957556,0.028338671218933017,5.495815190410443e6,0.00010435060911393281,0.03141117566341126
5.986e-5,0.1778,4.1078490929655213e-19,0.12068941762732888,0.12068941762732888,true,Success,0.04841041970917537,0.015007007805858391,0.03340341190331697,0.031593438173391476,821600.2195919066,0.001876779030990698,0.03625467306132945,522904.2961346199,0.0025688720259374946,0.03569476333265301,1.495377072819586e7,0.0,0.03803036267322282
7.536e-5,1.0e-6,2.4038413749542494e-11,0.11957368830679946,0.11957368830679946,true,Success,0.026764406258680658,0.009338955124498456,0.0174254511341822,0.020184356794632242,3.999999999999999,0.023528208821425704,0.0014279341469671406,3.999999999999999,0.023528208821425704,0.0014279341469671406,3.999999999999999,0.023528208821425704,0.0014279341469671406
7.536e-5,1.778e-6,2.3873635015887234e-11,0.11983484611137796,0.11983484611137796,true,Success,0.026779889791226398,0.009344758569943473,0.01743513122128293,0.02019556274436748,3.999999999999999,0.023544394996788436,0.0014278613600117996,3.999999999999999,0.023544394996788436,0.0014278613600117996,3.999999999999999,0.023544394996788436,0.0014278613600117996
7.536e-5,3.162e-6,2.3246735376592133e-11,0.11997980357882664,0.11997980357882664,true,Success,0.026871038301745292,0.009370597260124817,0.017500441041620473,0.020271166993333346,3.999999999999999,0.02362166080163712,0.0014279229821842483,3.999999999999999,0.02362166080163712,0.0014279229821842483,3.999999999999999,0.02362166080163712,0.0014279229821842483
7.536e-5,5.623e-6,2.144606578999427e-11,0.11982281015997258,0.11982281015997258,true,Success,0.02711626499217742,0.009443549607596932,0.017672715384580488,0.02047059352756815,3.999999999999999,0.02385071008228872,0.001428343632630839,3.999999999999999,0.02385071008228872,0.001428343632630839,3.999999999999999,0.02385071008228872,0.001428343632630839
7.536e-5,1.0e-5,1.754677789306671e-11,0.1190406417698146,0.1190406417698146,true,Success,0.027767439256344242,0.00963291944772704,0.018134519808617203,0.02100516514212272,3.999999999999999,0.02445631187402926,0.0014283583842110781,3.999999999999999,0.02445631187402926,0.0014283583842110781,3.999999999999999,0.02445631187402926,0.0014283583842110781
7.536e-5,1.778e-5,1.2071813115434537e-11,0.11987876504882303,0.11987876504882303,true,Success,0.029136898109347536,0.010023245855208163,0.019113652254139375,0.022138492103994805,3.999999999999999,0.025678326803458516,0.0014343145828825698,3.999999999999999,0.025678326803458516,0.0014343145828825698,3.999999999999999,0.025678326803458516,0.0014343145828825698
7.536e-5,3.162e-5,6.803344252803126e-12,0.11963647149854588,0.11963647149854588,true,Success,0.031060991209907813,0.010555686988782382,0.02050530422112543,0.023749084155859582,3.999999999999999,0.027367961120381888,0.0014462807505378084,3.999999999999999,0.027367961120381888,0.0014462807505378084,3.999999999999999,0.027367961120381888,0.0014462807505378084
7.536e-5,5.623e-5,3.296605358824802e-12,0.11956158232535166,0.11956158232535166,true,Success,0.033047974855340376,0.011091693783474603,0.02195628107186577,0.025428043417798727,3.999999999999999,0.029039338462543758,0.001457778513028748,3.999999999999999,0.029039338462543758,0.001457778513028748,4.295985920584725,0.029180839463352863,0.001568090679968834
7.536e-5,0.0001,1.4283008303322487e-12,0.11955191404425979,0.11955191404425979,true,Success,0.03469692837088705,0.011527519029253109,0.023169409341633945,0.026831539658585837,3.999999999999999,0.030408330801783474,0.0014610660467579096,3.999999999999999,0.030408330801783474,0.0014610660467579096,12.205899020150232,0.02898977073767711,0.0035936389375737575
7.536e-5,0.0001778,5.546641408617307e-13,0.11933408466141893,0.11933408466141893,true,Success,0.035768841286367196,0.011800244648070297,0.023968596638296903,0.027756010796717346,3.999999999999999,0.03128425268119312,0.0014898413257837984,3.999999999999999,0.03128425268119312,0.0014898413257837984,38.552348435778576,0.026876413450702945,0.006306106274717581
7.536e-5,0.0003162,1.7449782669193367e-13,0.12003656432067897,0.12003656432067897,true,Success,0.03564967527597516,0.011727885621002347,0.023921789654972814,0.02770186902485484,3.999999999999999,0.031220832977425696,0.0017325332241465276,3.999999999999999,0.031220832977425696,0.0017325332241465276,121.48258554008918,0.023366577418387484,0.009214524768992078
7.536e-5,0.0005623,3.936428639946303e-14,0.12014762114203727,0.12014762114203727,true,Success,0.03339512283850878,0.011018496299654415,0.02237662653885437,0.025914376592450314,9.743753298707562,0.02854403846325586,0.0033856800077339123,5.1612416150489775,0.029740053381743882,0.0021834006533705363,371.3895056660699,0.018852702599454384,0.011242097591706057
7.536e-5,0.001,1.1420444892487017e-14,0.11994918012474634,0.11994918012474634,true,Success,0.0324073489957613,0.010684577466736211,0.02172277152902509,0.02515786495758835,31.690625881052025,0.024878506530253513,0.005755270674844581,18.11682810900243,0.026267636796999706,0.004584342062042298,1154.622507406438,0.015349597429392178,0.013344826042071194
7.536e-5,0.001778,3.7193312352105574e-15,0.11997562209205136,0.11997562209205136,true,Success,0.03195232404886982,0.010513353871461028,0.021438970177408794,0.0248294862222225,99.46152874509764,0.021434400455038517,0.008070718691389894,57.57516065826045,0.023005874346357265,0.006927579540419949,3610.025598755791,0.01223699524412018,0.015525929932256015
7.536e-5,0.003162,1.2142745616076225e-15,0.11955799428121261,0.11955799428121261,true,Success,0.031276815701953536,0.010283162223218968,0.020993653478734567,0.024314198669034844,310.7927814046109,0.018136829195528982,0.010060858690589657,179.48703104453668,0.019521169572352698,0.008941766627949318,11127.265604239228,0.009213170601636263,0.01727979252400115
7.536e-5,0.005623,3.9647461781078183e-16,0.1194768905333186,0.1194768905333186,true,Success,0.030545486703607027,0.010026515117472158,0.020518971586134867,0.023764900400549457,970.2029715416074,0.014926620299457556,0.011887056246059662,560.5789799342192,0.016275002367522055,0.01079627356411695,33532.77964020719,0.006472477864536565,0.0187264957433053
7.536e-5,0.01,1.2943863194419132e-16,0.1191334490587995,0.1191334490587995,true,Success,0.029753919697323637,0.00976024913027193,0.019993670567051706,0.02315698905845137,3013.050873396558,0.01184122671649145,0.013678414750915333,1743.6497752694888,0.013143569672424445,0.012624814474356984,96435.18391387335,0.004194850362956982,0.01986439137502293
7.536e-5,0.01778,4.2374199746256425e-17,0.12052774936299482,0.12052774936299482,true,Success,0.02901461964243826,0.009504455465661425,0.019510164176776836,0.02259741154920158,9356.38140198719,0.008953774445042762,0.015379240475388547,5439.969515793622,0.010191314872469444,0.014378061207920042,263936.10593691387,0.002510280979750656,0.020592075822801856
7.536e-5,0.03162,1.38659063907932e-17,0.12019352507715571,0.12019352507715571,true,Success,0.02844705330566392,0.009299888365067215,0.01914716494059671,0.02217728020064008,28361.794868283134,0.006386642392344908,0.016967124517930657,16687.69955828292,0.0075160079164680715,0.016053459419223287,688217.8900083374,0.0013907259818503703,0.02100885826752204
7.536e-5,0.05623,4.548745221354938e-18,0.1208338446057639,0.1208338446057639,true,Success,0.028489299677415245,0.009275370281706012,0.01921392939570923,0.022254553962791086,83637.19194515789,0.004284660239173771,0.01868789701376792,50363.24979594975,0.005241884281584445,0.017913495583442882,1.7710366500819118e6,0.0006796764054825367,0.021604355965171424
7.536e-5,0.1,1.4958155949464665e-18,0.12076350709709162,0.12076350709709162,true,Success,0.030452711045536547,0.009780764509644624,0.02067194653589192,0.023941925351868683,239379.6537233329,0.002801839666514813,0.021430335597536165,148300.73527231836,0.0035639954903563514,0.020813745340592472,4.619361349068069e6,0.00022805957065988024,0.0235125446872411
7.536e-5,0.1778,4.936208791327982e-19,0.1208536020220839,0.1208536020220839,true,Success,0.0355367031147561,0.011042869818373978,0.024493833296382127,0.028363528662151496,677945.177744896,0.0017966346118598582,0.026267215604668152,429038.6013160628,0.002393136394733392,0.025784640174290177,1.2446847735372234e7,0.0,0.027813152561837622
9.487e-5,1.0e-6,1.5561398166188364e-11,0.11980055669858856,0.11980055669858856,true,Success,0.021291378167138407,0.0073131484309044035,0.013978229736234003,0.01983591068833252,4.0,0.018698146689254635,0.001134710061868818,4.0,0.018698146689254635,0.001134710061868818,4.0,0.018698146689254635,0.001134710061868818
9.487e-5,1.778e-6,1.55019271513492e-11,0.11991246055893787,0.11991246055893787,true,Success,0.0213073790180377,0.007317503572027886,0.013989875446009815,0.019852426992264985,4.0,0.018708741845704337,0.0011347510895574244,4.0,0.018708741845704337,0.0011347510895574244,4.0,0.018708741845704337,0.0011347510895574244
9.487e-5,3.162e-6,1.528416650287892e-11,0.11999372972637078,0.11999372972637078,true,Success,0.02134424337432148,0.00732824938680744,0.014015993987514038,0.0198894690240151,4.0,0.018748308271193677,0.001134825446971402,4.0,0.018748308271193677,0.001134825446971402,4.0,0.018748308271193677,0.001134825446971402
9.487e-5,5.623e-6,1.4615780767112906e-11,0.11994408396938995,0.11994408396938995,true,Success,0.021471289578449182,0.007366380370755888,0.014104909207693294,0.020015570118009165,4.0,0.018864906692943356,0.0011352431326691044,4.0,0.018864906692943356,0.0011352431326691044,4.0,0.018864906692943356,0.0011352431326691044
9.487e-5,1.0e-5,1.2928329639141532e-11,0.11961244640314267,0.11961244640314267,true,Success,0.02181889076171419,0.007468957421687084,0.014349933340027102,0.02036306021887649,4.0,0.019196850362824334,0.0011367339858255239,4.0,0.019196850362824334,0.0011367339858255239,4.0,0.019196850362824334,0.0011367339858255239
9.487e-5,1.778e-5,9.899013616132736e-12,0.11995024305711731,0.11995024305711731,true,Success,0.022650915079837925,0.007706746747492558,0.014944168332345367,0.02120575102105853,4.0,0.01997132600320388,0.001141582038621639,4.0,0.01997132600320388,0.001141582038621639,4.0,0.01997132600320388,0.001141582038621639
9.487e-5,3.162e-5,6.203706427229424e-12,0.11976097383400225,0.11976097383400225,true,Success,0.02404967212306697,0.00809711126412051,0.01595256085894646,0.022635608585952614,4.0,0.021235024857982437,0.0011488148521353958,4.0,0.021235024857982437,0.0011488148521353958,4.0,0.021235024857982437,0.0011488148521353958
9.487e-5,5.623e-5,3.2496558557295587e-12,0.1196286894743951,0.1196286894743951,true,Success,0.02570488355437089,0.008546264604634493,0.0171586189497364,0.02434547667934078,4.0,0.02267934394040752,0.0011616644313274557,4.0,0.02267934394040752,0.0011616644313274557,4.0,0.02267934394040752,0.0011616644313274557
9.487e-5,0.0001,1.4810630490591544e-12,0.11950371143217331,0.11950371143217331,true,Success,0.0272067338725546,0.008936705639703845,0.01827002823285075,0.02592087891392359,4.0,0.023920418652251977,0.0011771818524055693,4.0,0.023920418652251977,0.0011771818524055693,9.663207293892013,0.02321167570007131,0.0024465119241225356
9.487e-5,0.0001778,5.905923218685765e-13,0.11919379705367725,0.11919379705367725,true,Success,0.028192728699667415,0.009182591953897859,0.019010136745769558,0.02696981183347802,4.0,0.024739434136019818,0.0012248425809555795,4.0,0.024739434136019818,0.0012248425809555795,30.186297948841084,0.02179142623246201,0.0045181299825667745
9.487e-5,0.0003162,1.842202873833418e-13,0.11997676961632064,0.11997676961632064,true,Success,0.028005666352759317,0.009097782893420786,0.018907883459338533,0.026824899137098793,4.0,0.024632861380827098,0.001364777799022561,4.0,0.024632861380827098,0.001364777799022561,94.99030463035892,0.01903930110863016,0.006701124438724307
9.487e-5,0.0005623,4.130494086301473e-14,0.1202290554529219,0.1202290554529219,true,Success,0.026086332604865283,0.008493847523854278,0.017592485081011,0.024960506817371043,7.432953332998016,0.02279751969732743,0.002222247294198282,4.0,0.023084634549567825,0.0013851056599290524,289.719017645962,0.015406512114780306,0.0082348274242509
9.487e-5,0.001,1.2761531459761233e-14,0.11999043229532473,0.11999043229532473,true,Success,0.025669884341053908,0.008342227459188297,0.017327656881865612,0.024585102565344776,24.80149010189838,0.020244410342462774,0.004101722823430724,14.098381254101222,0.02132058733972349,0.003191223253416529,907.6021119551534,0.012865122707284887,0.010000020037591102
9.487e-5,0.001778,4.271725692688995e-15,0.11998922368640452,0.11998922368640452,true,Success,0.025462429230763445,0.008261472785812681,0.01720095644495076,0.024405494324702258,78.4656970178285,0.017742489878908002,0.005945787514164314,45.341559883358975,0.018940256068448718,0.005048137304265405,2850.4714300042183,0.010481615400631486,0.011776855352136881
9.487e-5,0.003162,1.415891082537494e-15,0.11998133927610588,0.11998133927610588,true,Success,0.025072979422098882,0.008112185851213758,0.016960793570885122,0.024065034222897106,246.0975383903843,0.015176986287938512,0.007696377829259603,142.11077528550945,0.016266364950341394,0.00681616919257081,8873.162481951951,0.008119049662463138,0.01340581208108025
9.487e-5,0.005623,4.662921322173096e-16,0.11998702216008797,0.11998702216008797,true,Success,0.02454697784474116,0.007928524411329638,0.016618453433411524,0.023579704054678668,769.820709068824,0.012657865705910678,0.009097670057708979,444.66870305008456,0.013722257649329522,0.008236659345809421,27094.74678132991,0.0058855771678250485,0.014576469341283982
9.487e-5,0.01,1.530454023957909e-16,0.11884674056602057,0.11884674056602057,true,Success,0.023949357467113828,0.00772813959593583,0.016221217871177997,0.02301651865034109,2388.1792836981144,0.010217789786292555,0.01050912642621701,1380.82301231557,0.011250942582997575,0.009673304469666678,79356.4110577847,0.0039501669441267435,0.015579683196620633
9.487e-5,0.01778,5.03381671885438e-17,0.12018321188990135,0.12018321188990135,true,Success,0.023374550207184795,0.007531274125894738,0.015843276081290058,0.022480657127224055,7447.911171309583,0.00790092982010555,0.011869481117729048,4319.791127138699,0.008892770770413191,0.01106707415371847,222256.4845703404,0.0024418101365798763,0.016285953844354075
9.487e-5,0.03162,1.6527801933960948e-17,0.11949017871833245,0.11949017871833245,true,Success,0.0228657720900147,0.007355150246089413,0.015510621843925286,0.02200898244134214,22751.539925468962,0.005788773432909917,0.013146458561065007,13305.893413619471,0.0067135817439183555,0.012398281183868758,587515.3441549516,0.0014021314228607293,0.01669528754877754
9.487e-5,0.05623,5.437998238451655e-18,0.1205940561324448,0.1205940561324448,true,Success,0.022626379139084964,0.007257436901167938,0.015368942237917026,0.02180808649507626,68169.42246709837,0.003969863553782584,0.014402612042554068,40610.52881425617,0.004779859284140035,0.0137473190083991,1.5191441003777524e6,0.0007272874895620484,0.01702588208009741
9.487e-5,0.1,1.7890126030011034e-18,0.11893478852007483,0.11893478852007483,true,Success,0.023312585961220798,0.007420844855099192,0.01589174110612161,0.02254937446233973,195318.7485778963,0.0026089947057968224,0.016037249909791607,119606.01640462271,0.0032655705022553586,0.015506074615626366,3.894073095760999e6,0.0003074291625373593,0.017899235573740648
9.487e-5,0.1778,5.91506261380171e-19,0.12001156237441313,0.12001156237441313,true,Success,0.026233957713575628,0.00815544315531989,0.018078514558255737,0.025649431678215075,556248.3478884207,0.001688924030864242,0.019089441192939274,349419.58771661605,0.0022024986527744896,0.018673954663922195,1.0380452063182212e7,1.6611605061618864e-5,0.020442357161801084
0.0001194,1.0e-6,1.0e-11,0.11946887071711855,0.11946887071711855,true,Success,0.01697605437739177,0.005740824017957219,0.011235230359434552,0.019546204282418635,4.0,0.014889555116836218,0.0009049389425553117,4.0,0.014889555116836218,0.0009049389425553117,4.0,0.014889555116836218,0.0009049389425553117
0.0001194,1.778e-6,1.001562875553006e-11,0.1199555022237818,0.1199555022237818,true,Success,0.016996065432333663,0.005742867736974738,0.011253197695358926,0.019577444764822177,4.0,0.014897012610071226,0.0009049966428408193,4.0,0.014897012610071226,0.0009049966428408193,4.0,0.014897012610071226,0.0009049966428408193
0.0001194,3.162e-6,1.0031288101461695e-11,0.12109660302712605,0.12109660302712605,true,Success,0.01701610781307106,0.005749344947408106,0.011266762865662956,0.01960103098022,4.0,0.014915230428809996,0.000905108332541819,4.0,0.014915230428809996,0.000905108332541819,4.0,0.014915230428809996,0.000905108332541819
0.0001194,5.623e-6,9.703346126291847e-12,0.1199668655099884,0.1199668655099884,true,Success,0.017069940671054055,0.005765984748106269,0.011303955922947785,0.019665699543724997,4.0,0.01497300564720133,0.0009053853358715367,4.0,0.01497300564720133,0.0009053853358715367,4.0,0.01497300564720133,0.0009053853358715367
0.0001194,1.0e-5,9.04763047065046e-12,0.11989331749755931,0.11989331749755931,true,Success,0.017244262689438523,0.005818832608771749,0.011425430080666774,0.01987690735818439,4.0,0.015144490063998373,0.0009062571544170296,4.0,0.015144490063998373,0.0009062571544170296,4.0,0.015144490063998373,0.0009062571544170296
0.0001194,1.778e-5,7.557889171413412e-12,0.11921265503973068,0.11921265503973068,true,Success,0.017698897280084686,0.005950660757443121,0.011748236522641568,0.02043815350364829,4.0,0.015587701437278704,0.0009075987338681512,4.0,0.015587701437278704,0.0009075987338681512,4.0,0.015587701437278704,0.0009075987338681512
0.0001194,3.162e-5,5.334534978333982e-12,0.11990966881577406,0.11990966881577406,true,Success,0.01862630686400695,0.006212167071396381,0.012414139792610569,0.02159583231369029,4.0,0.016451019010815443,0.0009143846803623012,4.0,0.016451019010815443,0.0009143846803623012,4.0,0.016451019010815443,0.0009143846803623012
0.0001194,5.623e-5,3.0712106317732745e-12,0.11964582106048362,0.11964582106048362,true,Success,0.01992776283381603,0.0065629404839087245,0.013364822349907305,0.02324837783310516,4.0,0.01760640853623347,0.000924326604943203,4.0,0.01760640853623347,0.000924326604943203,4.0,0.01760640853623347,0.000924326604943203
0.0001194,0.0001,1.4926581124615015e-12,0.11946837353946585,0.11946837353946585,true,Success,0.021206538507064457,0.006898600537502299,0.01430793796956216,0.024887491168485182,4.0,0.01871998451679858,0.0009389797437883302,4.0,0.01871998451679858,0.0009389797437883302,7.663659978481936,0.018417652253121572,0.001640144047935767
0.0001194,0.0001778,6.16386992007405e-13,0.11902886924286349,0.11902886924286349,true,Success,0.022092840086922246,0.007116583367994027,0.014976256718928218,0.026048835056615104,4.0,0.019461831068862713,0.0009793511292138686,4.0,0.019461831068862713,0.0009793511292138686,23.580390482389564,0.017516550351465345,0.003181962866952628
0.0001194,0.0003162,1.9159585668848433e-13,0.1200010270279019,0.1200010270279019,true,Success,0.021896580721680523,0.007029539645026582,0.01486704107665394,0.025859060481643846,4.0,0.01932907386926409,0.0010764488032392492,4.0,0.01932907386926409,0.0010764488032392492,74.23181253244307,0.015436527451143286,0.004838460636169554
0.0001194,0.0005623,4.262053164791642e-14,0.11976748523625412,0.11976748523625412,true,Success,0.020235893456027616,0.006511295072531575,0.013724598383496042,0.023873694158923327,5.572464021782589,0.01801523324950005,0.0014098784709216136,4.0,0.017963421546563718,0.0010814577866937584,224.7098436324635,0.012460372290614093,0.005978326145518125
0.0001194,0.001,1.4050264537895132e-14,0.11997598682761332,0.11997598682761332,true,Success,0.02023688087191898,0.006492431173739774,0.013744449698179206,0.023908195957160705,19.3626343109042,0.016377150900807276,0.0028925125578198253,10.935956042270314,0.017196976876563196,0.002189757127015347,711.3422911579677,0.010676776289742902,0.0074529151005533105
0.0001194,0.001778,4.8609001912787464e-15,0.12000013090331849,0.12000013090331849,true,Success,0.02026970533748633,0.006480354185043651,0.013789351152442682,0.02398623470009145,61.847598320296974,0.014618647341296719,0.0043575121345334105,35.64464939929697,0.015505094571263586,0.003655055069681651,2248.5315605252486,0.008910841855500801,0.008915276535955093
0.0001194,0.003162,1.638703386779851e-15,0.11983276312146343,0.11983276312146343,true,Success,0.02004577972828878,0.00639180566424945,0.013653974064039329,0.023750947309889924,194.12861894130074,0.012623737109812383,0.005745444221825332,112.09000600655321,0.013478732258397609,0.005055182780390742,7032.2853503196675,0.007068699740405079,0.010238870076458797
0.0001194,0.005623,5.451724689482577e-16,0.11995482898164961,0.11995482898164961,true,Success,0.01966583746061591,0.006261497670348727,0.013404339790267186,0.023317063949481357,608.3244798795228,0.010651047003439431,0.006946947552872568,351.31560749842964,0.011487985673848178,0.006269976710710403,21684.244938202355,0.005272298249050976,0.011298350258607606
0.0001194,0.01,1.803577098956328e-16,0.11996604920356434,0.11996604920356434,true,Success,0.019246438433786688,0.006115870156741421,0.013130568277045267,0.022841205807427687,1901.4211535633297,0.008734703696153655,0.008059285193899488,1098.8473188066923,0.00955146795431632,0.007398525417750841,65015.96350567606,0.0036583008663102906,0.012166135923038916
0.0001194,0.01778,5.952835839348912e-17,0.11903392562444436,0.11903392562444436,true,Success,0.01880192873094924,0.005964857361075079,0.012837071369874163,0.022331036288057465,5892.3580738322735,0.0069004974576523615,0.009134192181198252,3411.9007847758553,0.007690393967714398,0.008495159760442943,184869.90535091693,0.0023449792096588047,0.012819646053960281
0.0001194,0.03162,1.9639193858030902e-17,0.11903818613382845,0.11903818613382845,true,Success,0.018383769499845666,0.005823070685951017,0.012560698813894648,0.021850609453899727,18179.89704946805,0.005181422047123201,0.010161318881246021,10585.616158090497,0.005929950890777676,0.009555752647532844,499348.72888055595,0.0013894548125624917,0.013229053071888765
0.0001194,0.05623,6.479916746184422e-18,0.11941148814304539,0.11941148814304539,true,Success,0.01809246074903957,0.005714452483628786,0.012378008265410786,0.021533020568254044,55049.1587856754,0.0036553778662470984,0.011148611818603108,32501.08447166051,0.004331880053638888,0.010601315789311939,1.299519707789815e6,0.0007564944914516804,0.013493833182369392
0.0001194,0.1,2.1377932197962717e-18,0.1188688283499011,0.1188688283499011,true,Success,0.018222356175015546,0.005728277992952885,0.012494078182062659,0.021734797407585146,160429.6435289153,0.0024315729214225627,0.012228078931920813,97096.6671570371,0.0029959190467883407,0.01177151805557145,3.328826171025619e6,0.00035738806349517373,0.013906112307733259
0.0001194,0.1778,7.082177383099155e-19,0.12083148835530419,0.12083148835530419,true,Success,0.019727730257805675,0.006106157234757966,0.013621573023047711,0.02369463295046563,460156.39732721087,0.0015765277426948111,0.014104428546572734,286416.0093629281,0.002020443861335181,0.01374529639556482,8.771145353659125e6,9.769597879975116e-5,0.01530081685667241
0.0001504,1.0e-6,6.453041761600134e-12,0.11998061759106148,0.11998061759106148,true,Success,0.013560202051714244,0.004511054244647562,0.009049147807066681,0.01933342911512966,4.0,0.01187187208900886,0.0007213579055682059,4.0,0.01187187208900886,0.0007213579055682059,4.0,0.01187187208900886,0.0007213579055682059
0.0001504,1.778e-6,6.444580132857781e-12,0.11997735159795585,0.11997735159795585,true,Success,0.013562428143108636,0.004511955552008482,0.009050472591100154,0.01933625793551781,4.0,0.011874296468901637,0.0007213776355752959,4.0,0.011874296468901637,0.0007213776355752959,4.0,0.011874296468901637,0.0007213776355752959
0.0001504,3.162e-6,6.436126276283856e-12,0.12031240708958549,0.12031240708958549,true,Success,0.013573173878314077,0.004514854730241729,0.009058319148072348,0.019353012728084675,4.0,0.011885773070957962,0.0007214337680383454,4.0,0.011885773070957962,0.0007214337680383454,4.0,0.011885773070957962,0.0007214337680383454
0.0001504,5.623e-6,6.338311792707404e-12,0.11999296964188434,0.11999296964188434,true,Success,0.01359566799506609,0.00452207548109357,0.009073592513972521,0.01938562595362184,4.0,0.011912327313221914,0.0007215792658315987,4.0,0.011912327313221914,0.0007215792658315987,4.0,0.011912327313221914,0.0007215792658315987
0.0001504,1.0e-5,6.099017957808828e-12,0.1199619503257548,0.1199619503257548,true,Success,0.013685165640411659,0.004548065180679077,0.009137100459732579,0.01952123351468175,4.0,0.011998463153124946,0.0007221055409203933,4.0,0.011998463153124946,0.0007221055409203933,4.0,0.011998463153124946,0.0007221055409203933
0.0001504,1.778e-5,5.476419221926497e-12,0.11969219047092591,0.11969219047092591,true,Success,0.013916166902427312,0.004616651288213473,0.009299515614213837,0.019868028854327945,4.0,0.01223274989044898,0.0007236462153453504,4.0,0.01223274989044898,0.0007236462153453504,4.0,0.01223274989044898,0.0007236462153453504
0.0001504,3.162e-5,4.294063282218356e-12,0.11996136693016939,0.11996136693016939,true,Success,0.014464962143923937,0.004773130327122282,0.009691831816801656,0.020705673873278915,4.0,0.01276313279945632,0.0007264600438681362,4.0,0.01276313279945632,0.0007264600438681362,4.0,0.01276313279945632,0.0007264600438681362
0.0001504,5.623e-5,2.757669217460807e-12,0.11979417317740397,0.11979417317740397,true,Success,0.015383033995900934,0.005024731795532606,0.010358302200368328,0.022128523302846887,4.0,0.013615480268815932,0.0007338624681716397,4.0,0.013615480268815932,0.0007338624681716397,4.0,0.013615480268815932,0.0007338624681716397
0.0001504,0.0001,1.4531401657637133e-12,0.1195254682357671,0.1195254682357671,true,Success,0.01643090203786579,0.005300144076777652,0.01113075796108814,0.02377739083027115,4.0,0.014549536765354103,0.0007461710837993776,4.0,0.014549536765354103,0.0007461710837993776,6.101654635508607,0.014474798986962568,0.001084909386119168
0.0001504,0.0001778,6.28730615702933e-13,0.11895610240441684,0.11895610240441684,true,Success,0.01721300381882024,0.005489334172309407,0.011723669646510832,0.02504281324332786,4.0,0.015211460486293928,0.0007776589059332395,4.0,0.015211460486293928,0.0007776589059332395,18.416508917360606,0.013971655952386069,0.002212130454245331
0.0001504,0.0003162,1.963514859285222e-13,0.11994291822657935,0.11994291822657935,true,Success,0.017012245096791546,0.005402716067151352,0.011609529029640192,0.02479922210577698,4.0,0.015065002462759889,0.0008473569857385593,4.0,0.015065002462759889,0.0008473569857385593,57.75536445710304,0.01239154065466341,0.0034582803868805855
0.0001504,0.0005623,4.33182717077229e-14,0.12097531160803922,0.12097531160803922,true,Success,0.015565071861088195,0.004954315303389741,0.010610756557698454,0.022667437406718623,4.099258402331724,0.01388212515258896,0.0008585836924062039,4.0,0.01386295503262062,0.0008411298042099783,174.67978841941851,0.009954333796786848,0.004300864957429852
0.0001504,0.001,1.5156797420068534e-14,0.11912716109302769,0.11912716109302769,true,Success,0.01584533446853963,0.005020134025390526,0.010825200443149104,0.0231251875931059,14.933089423473355,0.0131201978321328,0.002001815027412814,8.363625600640407,0.013753689670046003,0.0014652321712529286,553.4531877639828,0.008771055485719112,0.005504286606707203
0.0001504,0.001778,5.479661059187227e-15,0.1207174161721932,0.1207174161721932,true,Success,0.01606509427890302,0.005068825572678176,0.010996268706224846,0.02349033307794487,48.71570157376287,0.011949779797899466,0.0031727495111214723,28.037979060487608,0.012613953735149439,0.0026269511788749086,1773.011843760519,0.007492422087574924,0.006718164342618133
0.0001504,0.003162,1.882940775702805e-15,0.11949686982666867,0.11949686982666867,true,Success,0.015993926130468777,0.005026620929219443,0.010967305201249335,0.023428511404208728,152.82035957067131,0.01045154221580444,0.004274415041009867,88.10942583228426,0.011093267643204098,0.0037334781426205067,5552.140968086928,0.0060928247308240655,0.007799812698126011
0.0001504,0.005623,6.3424048521451e-16,0.11991652594979207,0.11991652594979207,true,Success,0.015753326447233824,0.004939214487447043,0.01081411195978678,0.023101518731390422,480.6137304899774,0.00893118408916523,0.005328461886401139,277.53381971845084,0.009589529565721547,0.004796011796576405,17279.74793004326,0.004671939302970234,0.008774160032355453
0.0001504,0.01,2.1155852734418156e-16,0.11999038707735439,0.11999038707735439,true,Success,0.015426003410236467,0.004830921295241886,0.010595082114994582,0.022633978033223996,1503.5604925717628,0.007412298618373491,0.0061617902637037284,868.580932067283,0.008055731283182902,0.005641260241727209,52528.27426928777,0.0033426725416307087,0.009454149639537302
0.0001504,0.01778,7.031076418451614e-17,0.11998827757095064,0.11998827757095064,true,Success,0.015104917672956762,0.00471912934234562,0.010385788330611143,0.022187199322524553,4691.837226066352,0.005961975245040117,0.007025138949376506,2713.8364578629194,0.006588321158938593,0.0065184204173489215,153382.31775052566,0.002215046808186272,0.010056437837321906
0.0001504,0.03162,2.3291353401638496e-17,0.11900679211200105,0.11900679211200105,true,Success,0.014786270764546411,0.004609230843912849,0.010177039920633563,0.02174156517795008,14498.524630626996,0.0045891852550051775,0.007854240097993443,8417.365511180733,0.005190303859086635,0.007367929796737411,422222.0116429712,0.001358258984226208,0.010468088651115686
0.0001504,0.05623,7.716377760045724e-18,0.11972711731296583,0.11972711731296583,true,Success,0.014505330951227547,0.004512057289465525,0.009993273661762022,0.021349246771298673,44415.03972550926,0.003323769259144278,0.008634271504322583,26041.50016978502,0.003880255573458027,0.008184069109551223,1.1144727904408835e6,0.000767082618144314,0.010702653852032807
0.0001504,0.1,2.5561298897188523e-18,0.12115557540208297,0.12115557540208297,true,Success,0.014421964109104955,0.004472400904859546,0.00994956320424541,0.02125592814594039,132391.79160471607,0.0022527891945667844,0.009424668169490252,79247.99009732086,0.002732690851458398,0.009036423458148339,2.878890269799788e6,0.0003874094593505344,0.010933776960938434
0.0001504,0.1778,8.46248300416813e-19,0.11972799761536594,0.11972799761536594,true,Success,0.01501408894875111,0.004613617029191229,0.010400471919559883,0.022218544976354435,377075.4620994676,0.001470244813594318,0.010509120600959383,232150.70200452217,0.0018537052183592749,0.010198897621225844,7.404099276788316e6,0.00015034153221568704,0.011576934429357363
0.0001893,1.0e-6,4.146764413411433e-12,0.1199789344541054,0.1199789344541054,true,Success,0.010842391021075192,0.003553283972517855,0.007289107048557336,0.019098081278803584,4.0,0.009498314594289906,0.0005765013000577434,4.0,0.009498314594289906,0.0005765013000577434,4.0,0.009498314594289906,0.0005765013000577434
0.0001893,1.778e-6,4.144313521932743e-12,0.11998758264372061,0.11998758264372061,true,Success,0.010845810866161138,0.0035543470976884066,0.007291463768472731,0.0191042527383603,4.0,0.009498828282036766,0.0005765015964007774,4.0,0.009498828282036766,0.0005765015964007774,4.0,0.009498828282036766,0.0005765015964007774
0.0001893,3.162e-6,4.141863115410026e-12,0.12017112436126198,0.12017112436126198,true,Success,0.010855401031271179,0.003556265442432165,0.007299135588839015,0.019124342642075205,4.0,0.009503326556652614,0.0005765453072466506,4.0,0.009503326556652614,0.0005765453072466506,4.0,0.009503326556652614,0.0005765453072466506
0.0001893,5.623e-6,4.139414391673444e-12,0.12091028381561926,0.12091028381561926,true,Success,0.010866295620511654,0.003559966492057532,0.007306329128454122,0.01914318005899649,4.0,0.00951681601617043,0.0005766360400685066,4.0,0.00951681601617043,0.0005766360400685066,4.0,0.00951681601617043,0.0005766360400685066
0.0001893,1.0e-5,4.024279014212586e-12,0.11997701498223809,0.11997701498223809,true,Success,0.01090031741838904,0.003571085668328387,0.0073292317500606545,0.019203153980152234,4.0,0.009557459625392877,0.0005768994617178361,4.0,0.009557459625392877,0.0005768994617178361,4.0,0.009557459625392877,0.0005768994617178361
0.0001893,1.778e-5,3.787604384422452e-12,0.11991948866344754,0.11991948866344754,true,Success,0.011019674214814028,0.0036054049859100216,0.007414269228904006,0.01942583456500968,4.0,0.009674409982619859,0.0005777194699233132,4.0,0.009674409982619859,0.0005777194699233132,4.0,0.009674409982619859,0.0005777194699233132
0.0001893,3.162e-5,3.227097184261691e-12,0.11936468373041038,0.11936468373041038,true,Success,0.011309945577867483,0.0036904299352943453,0.007619515642573136,0.019963278519037293,4.0,0.009968118058702851,0.0005798857324221888,4.0,0.009968118058702851,0.0005798857324221888,4.0,0.009968118058702851,0.0005798857324221888
0.0001893,5.623e-5,2.3326482819506634e-12,0.11992133570253934,0.11992133570253934,true,Success,0.011895832137310897,0.003854959223344774,0.008040872913966123,0.021066533982293592,4.0,0.010534334379978005,0.0005844163714749846,4.0,0.010534334379978005,0.0005844163714749846,4.0,0.010534334379978005,0.0005844163714749846
0.0001893,0.0001,1.3557147392238692e-12,0.1196416498305515,0.1196416498305515,true,Success,0.012699447273110709,0.004064387612641075,0.008635059660469634,0.022622119657749733,4.0,0.011263818710266795,0.0005935625388535078,4.0,0.011263818710266795,0.0005935625388535078,4.87655433884945,0.011270890091524996,0.0007106388349874992
0.0001893,0.0001778,6.2413220368716e-13,0.11897686604738106,0.11897686604738106,true,Success,0.013329804268626264,0.00421977470367416,0.009110029564952105,0.02386541997655076,4.0,0.011826647344201293,0.0006165668592139635,4.0,0.011826647344201293,0.0006165668592139635,14.320398453634795,0.01104314352329517,0.0015180291569357237
0.0001893,0.0003162,1.980505627948879e-13,0.11990605487652009,0.11990605487652009,true,Success,0.013138607867653319,0.004135657578493263,0.009002950289160058,0.02358513901491892,4.0,0.011670453376808736,0.0006658111866818095,4.0,0.011670453376808736,0.0006658111866818095,44.756458904615556,0.009840570477875883,0.002447795894908309
0.0001893,0.0005623,4.3071780943634596e-14,0.11986738195384947,0.11986738195384947,true,Success,0.011882794772777863,0.003740192747169481,0.00814260202560838,0.0213328782052511,4.0,0.010589928288125985,0.0006515327721103744,4.0,0.010589928288125985,0.0006515327721103744,134.10177795414086,0.007885336671642042,0.0030526382031884573
0.0001893,0.001,1.5992328325217974e-14,0.11992418024357945,0.11992418024357945,true,Success,0.012333517382017295,0.0038623554774404093,0.008471161904576885,0.022193057680395836,11.573253520960511,0.01042089343220786,0.0013700683235867406,6.377640920940146,0.010900179092478333,0.0009603322252574297,432.5055429546296,0.007130082540000645,0.004040472910813929
0.0001893,0.001778,6.07955365634743e-15,0.12045570751601124,0.12045570751601124,true,Success,0.012702498341550522,0.00395685981260805,0.00874563852894247,0.022911589589497412,38.12925598611716,0.009702602120224448,0.0022910848708486173,21.91076250892971,0.010210427702226653,0.001868729682005334,1391.2452903208118,0.0062570859596228195,0.005042963496124248
0.0001893,0.003162,2.1431846765453925e-15,0.11905504645695944,0.11905504645695944,true,Success,0.01273404075807288,0.003950689043344382,0.008783351714728499,0.02301031204512595,120.17284481167408,0.008610161220989291,0.0031690814585797087,69.33370002697909,0.009132656074599836,0.0027471164573516175,4374.127410497088,0.005200031757450255,0.005926818051226503
0.0001893,0.005623,7.328738926708315e-16,0.11978388834057115,0.11978388834057115,true,Success,0.012606549743564018,0.0038989779373342355,0.008707571806229783,0.0228119406642922,379.45490689697385,0.007452188850591441,0.004010095809293723,219.097539689183,0.007969477801827336,0.003591809402019337,13720.226259620638,0.00409155260834165,0.006728790173656136
0.0001893,0.01,2.4686016529772607e-16,0.11995160396087833,0.11995160396087833,true,Success,0.012393605708475605,0.0038233112758238002,0.008570294432651806,0.02245257532161983,1190.808909573033,0.006275619370185323,0.004738539871663571,687.7753991213283,0.00678379180885278,0.004327440681965104,42232.39242648542,0.0030224618506564356,0.007370367684323294
0.0001893,0.01778,8.26317142608145e-17,0.11998676592586777,0.11998676592586777,true,Success,0.012145636115857323,0.00373915658689444,0.008406479528962884,0.022023723007569794,3721.7113893243677,0.005122982191525979,0.0054098479117116495,2151.228516851624,0.005619261154537195,0.005008354942641979,125726.06946285737,0.002069741042511845,0.007879948259142825
0.0001893,0.03162,2.7545794391616345e-17,0.11999061884374838,0.11999061884374838,true,Success,0.011901828738577928,0.003655516060672722,0.008246312677905206,0.021604403494467236,11590.882174967532,0.004022536787216866,0.006072095891446544,6716.153834578987,0.004502844415618737,0.0056835226257291585,355616.03027521475,0.001308705885106987,0.008267610481570447
0.0001893,0.05623,9.154530813729179e-18,0.11893291179268888,0.11893291179268888,true,Success,0.011658644603917353,0.0035751931652634335,0.00808345143865392,0.02117801266185724,35525.05779583305,0.002993891420225081,0.006691872840205424,20723.60641736788,0.003446725991478827,0.006325525471941238,948708.496347619,0.0007665226880798394,0.008493834846198202
0.0001893,0.1,3.0420594888596037e-18,0.11992433740184283,0.11992433740184283,true,Success,0.011514850702458702,0.0035194036758307724,0.00799544702662793,0.020947599078562883,107297.93395851237,0.0020864780969959136,0.007299920794522834,63596.75961750267,0.0024907563233671592,0.006972855985474351,2.46436987720042e6,0.00040891171065806574,0.008657087494028432
0.0001893,0.1778,1.0101433439858485e-18,0.11966868480580789,0.11966868480580789,true,Success,0.011669778253944312,0.003548560168924717,0.008121218085019595,0.021276891946663337,310446.5479942899,0.0013731172564753994,0.007989976241768521,188903.1395687091,0.0017043622044873837,0.007721995995988986,6.313918355898033e6,0.0001840773476403615,0.008951920591156104
0.0002383,1.0e-6,2.6578243445362864e-12,0.11998406602334813,0.11998406602334813,true,Success,0.008674699715961192,0.002800597786766949,0.005874101929194243,0.01890533263457335,4.0,0.00758761749402095,0.0004611967506486077,4.0,0.00758761749402095,0.0004611967506486077,4.0,0.00758761749402095,0.0004611967506486077
0.0002383,1.778e-6,2.6570708139739367e-12,0.1199918234680482,0.1199918234680482,true,Success,0.008679825308574285,0.002801308841087895,0.005878516467486389,0.018919532914355077,4.0,0.007589156072199365,0.0004612001980370353,4.0,0.007589156072199365,0.0004612001980370353,4.0,0.007589156072199365,0.0004612001980370353
0.0002383,3.162e-6,2.6563172006473203e-12,0.12009065413047265,0.12009065413047265,true,Success,0.008672339314843508,0.00280176362405752,0.005870575690785988,0.018893989743741436,4.0,0.007590161856493428,0.0004612060333103716,4.0,0.007590161856493428,0.0004612060333103716,4.0,0.007590161856493428,0.0004612060333103716
0.0002383,5.623e-6,2.6555638730438914e-12,0.1204745067124275,0.1204745067124275,true,Success,0.008686617958497839,0.00280363642121651,0.0058829815372813295,0.018933895721922722,4.0,0.007598124780132205,0.0004612475574010847,4.0,0.007598124780132205,0.0004612475574010847,4.0,0.007598124780132205,0.0004612475574010847
0.0002383,1.0e-5,2.6165836820215128e-12,0.11999344417920295,0.11999344417920295,true,Success,0.008704117024733386,0.0028086474650543987,0.005895469559678987,0.01897406589991897,4.0,0.007614761587233552,0.00046138844832696986,4.0,0.007614761587233552,0.00046138844832696986,4.0,0.007614761587233552,0.00046138844832696986
0.0002383,1.778e-5,2.5317361232512215e-12,0.11997725606374854,0.11997725606374854,true,Success,0.008752923996914375,0.002824253265062511,0.0059286707318518626,0.01908086332889424,4.0,0.007670341432732676,0.0004618602874123257,4.0,0.007670341432732676,0.0004618602874123257,4.0,0.007670341432732676,0.0004618602874123257
0.0002383,3.162e-5,2.3040602950149245e-12,0.11976517902109358,0.11976517902109358,true,Success,0.00890380511378505,0.0028683535286546866,0.006035451585130364,0.019424336171212007,4.0,0.007824834665959079,0.0004629778331166701,4.0,0.007824834665959079,0.0004629778331166701,4.0,0.007824834665959079,0.0004629778331166701
0.0002383,5.623e-5,1.8452493112753414e-12,0.11997697376051585,0.11997697376051585,true,Success,0.009239555668389821,0.0029646947049512835,0.0062748609634385374,0.020194386397477164,4.0,0.008163844850802111,0.0004655297649384445,4.0,0.008163844850802111,0.0004655297649384445,4.0,0.008163844850802111,0.0004655297649384445
0.0002383,0.0001,1.1997961801124566e-12,0.11981137695191571,0.11981137695191571,true,Success,0.009781758622903949,0.003109296353969325,0.006672462268934623,0.021473135217374043,4.0,0.008679492879037645,0.0004721318969662958,4.0,0.008679492879037645,0.0004721318969662958,4.0,0.008679492879037645,0.0004721318969662958
0.0002383,0.0001778,5.990156400378228e-13,0.11908674641183563,0.11908674641183563,true,Success,0.010262940697655274,0.0032263523079682278,0.0070365883896870455,0.022644085252234367,4.0,0.00911774345276124,0.0004880634670001427,4.0,0.00911774345276124,0.0004880634670001427,11.153826717291825,0.00865967438281184,0.0010294299468910626
0.0002383,0.0003162,1.961642267090686e-13,0.1200297858335157,0.1200297858335157,true,Success,0.010068002348882903,0.0031439841401093398,0.006924018208773565,0.022282098618963974,4.0,0.008951492293118462,0.0005211524662433854,4.0,0.008951492293118462,0.0005211524662433854,34.56485207845393,0.007726279833001746,0.0017124356509174983
0.0002383,0.0005623,4.209931622703079e-14,0.11989593285767876,0.11989593285767876,true,Success,0.00900541891422473,0.0027967943932507636,0.0062086245209739665,0.019981344920552466,4.0,0.007983573021514392,0.0005016323522588018,4.0,0.007983573021514392,0.0005016323522588018,103.12107013221319,0.006189721369634032,0.002140681751498485
0.0002383,0.001,1.6244894887458173e-14,0.1191384450866627,0.1191384450866627,true,Success,0.009473748869550273,0.0029337394336018865,0.006540009435948386,0.021047162864885515,8.801887931281625,0.008156756967704668,0.0009094152236619372,4.742701267874582,0.008472632354101086,0.0006023079888735913,333.49711174049196,0.005709145077471078,0.0029163859515223736
0.0002383,0.001778,6.6307185630605745e-15,0.12088753283447154,0.12088753283447154,true,Success,0.00999727501305046,0.0030762984821305806,0.006920976530919879,0.02227231745684876,29.849188166598534,0.007824439197992732,0.0016408719726428657,17.117527779273942,0.008208879252599771,0.0013157491471624042,1092.00094028341,0.0051757946395549655,0.003766191400428889
0.0002383,0.003162,2.4185065339778656e-15,0.12000028511687044,0.12000028511687044,true,Success,0.01012707580809043,0.0031014215238594,0.0070256542842310294,0.022608925541444298,94.87905306631536,0.0070491277468027694,0.0023441779731546695,54.895698073038346,0.007495937785616272,0.0020159237677640747,3461.909557759818,0.004400641859637335,0.004498966894441041
0.0002383,0.005623,8.408267294555869e-16,0.1195958216135806,0.1195958216135806,true,Success,0.010069122044731874,0.003073487029432984,0.00699563501529889,0.022512394935480906,299.2369598464678,0.006186772032728987,0.003011343985188154,172.77963862049293,0.0065924507670800155,0.0026834119303441556,10857.832819624015,0.003544411424104306,0.005148918966539536
0.0002383,0.01,2.8660013798397917e-16,0.1199057807722411,0.1199057807722411,true,Success,0.009927703685631947,0.0030225665840410186,0.006905137101590927,0.022221382248679093,941.087902006817,0.005272211382607504,0.0036476704076723863,543.4909804524475,0.005671986360859305,0.0033242710600026085,33719.957184195824,0.002692023054883289,0.005735057877656158
0.0002383,0.01778,9.673644418723976e-17,0.11998861090956893,0.11998861090956893,true,Success,0.009754952960183427,0.002961727189664356,0.006793225770519069,0.02186149917131443,2948.431862955253,0.00436977505615983,0.004160601412865273,1703.590871830392,0.004761973893795236,0.0038433106005036177,102094.85819144883,0.001906803660706675,0.006153168348959283
0.0002383,0.03162,3.245553241338361e-17,0.1199973327373486,0.1199973327373486,true,Success,0.009568141304890792,0.002898400225471811,0.00666974107941898,0.02146438396272106,9205.928474193632,0.0034941558809189993,0.0046880431611787295,5327.46235946542,0.0038759359772277944,0.004379179540382746,295565.5514720759,0.001246115738822213,0.006506729246240616
0.0002383,0.05623,1.0850236682226847e-17,0.11998349798339801,0.11998349798339801,true,Success,0.009382285214965876,0.0028352070650159793,0.006547078149949896,0.02106989649864551,28525.679227975674,0.002663984319597293,0.005193120298193438,16580.487996880896,0.003029353081083217,0.0048975334858801884,808467.6328522008,0.0007527850960606283,0.006739298766365535
0.0002383,0.1,3.614477440205043e-18,0.11883637149196703,0.11883637149196703,true,Success,0.009236163242577507,0.0027826443297302174,0.00645351891284729,0.020768997479078625,86452.38237943428,0.001913783251994589,0.0056703143070764295,50837.62542411806,0.0022494264820012775,0.005398775729966179,2.108504894785561e6,0.0004204772728732505,0.006878413085873884
0.0002383,0.1778,1.2046005674105073e-18,0.11966590939445398,0.11966590939445398,true,Success,0.00921645333316792,0.0027666319822145955,0.0064498213509533225,0.020757105452296323,255042.37482518423,0.0012829435569939732,0.0061538016746844,153412.27816018715,0.0015675325633841724,0.005923566455000322,5.4227768700861605e6,0.0002062458070819584,0.007024860402318005
0.0003,1.0e-6,1.7047307878451128e-12,0.11999122497883649,0.11999122497883649,true,Success,0.006941632679506783,0.002209208748218438,0.0047324239312883445,0.018720221894509417,4.0,0.006067239899685043,0.0003695907033890741,4.0,0.006067239899685043,0.0003695907033890741,4.0,0.006067239899685043,0.0003695907033890741
0.0003,1.778e-6,1.7044991584294553e-12,0.1199967519500788,0.1199967519500788,true,Success,0.006943661231560575,0.002209234145572108,0.0047344270859884675,0.018728141707516695,4.0,0.006063313587918785,0.0003696055570894853,4.0,0.006063313587918785,0.0003696055570894853,4.0,0.006063313587918785,0.0003696055570894853
0.0003,3.162e-6,1.7042674693548507e-12,0.12004779728807294,0.12004779728807294,true,Success,0.0069400670844161,0.0022086976554301693,0.004731369428985931,0.01871605273809395,4.0,0.006068190826175714,0.0003695808863837709,4.0,0.006068190826175714,0.0003695808863837709,4.0,0.006068190826175714,0.0003695808863837709
0.0003,5.623e-6,1.704035833907264e-12,0.12024800745298785,0.12024800745298785,true,Success,0.006945939655537254,0.002210286448799991,0.004735653206737262,0.01873298938198329,4.0,0.0060700956427041175,0.0003696244096769299,4.0,0.0060700956427041175,0.0003696244096769299,4.0,0.0060700956427041175,0.0003696244096769299
0.0003,1.0e-5,1.7038042061370445e-12,0.12091898190504542,0.12091898190504542,true,Success,0.006955385018347938,0.002212823112540349,0.00474256190580759,0.018760304048129905,4.0,0.006075608822689839,0.0003697119624193156,4.0,0.006075608822689839,0.0003697119624193156,4.0,0.006075608822689839,0.0003697119624193156
0.0003,1.778e-5,1.661420088679461e-12,0.11998214693728747,0.11998214693728747,true,Success,0.006974995071487329,0.0022198531082055373,0.004755141963281793,0.018810041191836307,4.0,0.006105444842528523,0.0003699107827831579,4.0,0.006105444842528523,0.0003699107827831579,4.0,0.006105444842528523,0.0003699107827831579
0.0003,3.162e-5,1.576707222163269e-12,0.11994224166379362,0.11994224166379362,true,Success,0.007044321742760753,0.0022404500892197177,0.004803871653541035,0.01900269936141925,4.0,0.0061801598156835435,0.000370499490231242,4.0,0.0061801598156835435,0.000370499490231242,4.0,0.0061801598156835435,0.000370499490231242
0.0003,5.623e-5,1.3663192665828744e-12,0.11947727915979672,0.11947727915979672,true,Success,0.007217277322012426,0.002291126237761167,0.004926151084251259,0.01948613053443715,4.0,0.006359712332258369,0.0003718545501558206,4.0,0.006359712332258369,0.0003718545501558206,4.0,0.006359712332258369,0.0003718545501558206
0.0003,0.0001,9.999761162465927e-13,0.1199224956691587,0.1199224956691587,true,Success,0.007543995529981639,0.0023798307052768893,0.0051641648247047495,0.020427057939682972,4.0,0.006685342189284079,0.00037551292960892087,4.0,0.006685342189284079,0.00037551292960892087,4.0,0.006685342189284079,0.00037551292960892087
0.0003,0.0001778,5.526853587743498e-13,0.11930410754336185,0.11930410754336185,true,Success,0.007866831436743707,0.0024571630746423496,0.005409668362101358,0.02139750963014373,4.0,0.00698390749665065,0.00038567326165141885,4.0,0.00698390749665065,0.00038567326165141885,8.690851525654512,0.0067343866711905955,0.0006902478154832042
0.0003,0.0003162,1.9080587604391936e-13,0.11995126363770155,0.11995126363770155,true,Success,0.007658851830180646,0.0023736298830020755,0.005285221947178571,0.020905596015513082,4.0,0.006795749823762191,0.0004066110314216953,4.0,0.006795749823762191,0.0004066110314216953,26.530275395304795,0.005986534070747739,0.0011824025203882463
0.0003,0.0005623,4.061872006207509e-14,0.12107196059708437,0.12107196059708437,true,Success,0.006782132345976303,0.0020704784637687163,0.004711653882207586,0.018638103661871522,4.0,0.005940140211580308,0.00038390537078980097,4.0,0.005940140211580308,0.00038390537078980097,78.08349759502987,0.0046622947188168845,0.0014780338664797416
0.0003,0.001,1.597118649983384e-14,0.12034103088788027,0.12034103088788027,true,Success,0.007185290116398646,0.0021971884202654215,0.004988101696133225,0.01973104425858214,6.680447565449485,0.006274891993187687,0.0005888197618734682,4.0,0.006382095036678881,0.0004064956427425379,257.8072802110369,0.004501762505469103,0.0020736884370347835
0.0003,0.001778,7.0334282171246855e-15,0.11999807815841493,0.11999807815841493,true,Success,0.0077862587754286925,0.0023712467600512676,0.0054150120153774245,0.02141863158673069,23.101733138866837,0.006226730995809378,0.0011559519802267972,13.177118271442387,0.0065307549438577235,0.0009072090465560254,847.6321064040955,0.0042230587911607905,0.0027784311731399165
0.0003,0.003162,2.6908890496504475e-15,0.11999558188611348,0.11999558188611348,true,Success,0.008005320654462435,0.0024249326055973204,0.005580388048865115,0.02207229514784964,74.42053122684462,0.005733884023426109,0.0017197441956889636,43.04606940217031,0.00608425320176734,0.0014646587129519156,2719.1420992985295,0.003682809397264366,0.003391389027552645
0.0003,0.005623,9.56708205605832e-16,0.11921027901532993,0.11921027901532993,true,Success,0.008019193929629034,0.002419025209648959,0.005600168719980074,0.022150477220651804,235.40192235338694,0.0051064570177616455,0.002252815481453852,135.92124146581287,0.005423698170546455,0.0019965066657003524,8561.617068104664,0.0030372504869212967,0.003926668099830309
0.0003,0.01,3.3088701893086094e-16,0.11984983049460869,0.11984983049460869,true,Success,0.007948134512143799,0.002389126465520834,0.005559008046622965,0.021987791123723805,743.5899003242827,0.004410269576897016,0.002762949746321717,429.39128087470334,0.004724645433621227,0.002508645974253943,26823.577806272795,0.0023705917263883046,0.004413056173984192
0.0003,0.01778,1.127876342868943e-16,0.11994511932380153,0.11994511932380153,true,Success,0.007829832732148517,0.0023466852178798776,0.00548314751426864,0.02168794826630522,2333.768620514627,0.0037047942773638562,0.0032158480138276763,1348.046179425976,0.004014324538865074,0.0029654374307882363,82260.14605979301,0.0017329403398323047,0.0048110962924471385
0.0003,0.03162,3.8121486612246506e-17,0.12001193802007284,0.12001193802007284,true,Success,0.007694304426642542,0.0022991009020903934,0.005395203524552149,0.021340333986855337,7306.709154881798,0.0030135764365607333,0.0036201156628095574,4224.671160254861,0.0033164979279805837,0.0033750493893683112,243363.1341628031,0.001172047477813475,0.005109930669464486
0.0003,0.05623,1.281914358367725e-17,0.11999593976339651,0.11999593976339651,true,Success,0.0075486084400143245,0.002251327678621435,0.0052972807613928885,0.020953263271351816,22731.55223976892,0.002347306004268855,0.004021862655166923,13181.733571499235,0.002639872793122934,0.0037851732692089817,681130.5055451004,0.0007308224125804982,0.005329613738225524
0.0003,0.1,4.2942405150748824e-18,0.11998621269302177,0.11998621269302177,true,Success,0.0074265592303638306,0.002207214001540971,0.00521934522882286,0.02064518836790935,69895.1396129337,0.0017314618519730367,0.004412767532587699,40865.139448767986,0.002006274244907413,0.004190441621929735,1.8121505187355136e6,0.00042216449157187705,0.005472001886248722
0.0003,0.1778,1.4342165042686938e-18,0.11891391152920881,0.11891391152920881,true,Success,0.0073450098535533925,0.002177405934388128,0.005167603919165264,0.020440652950247426,207753.354857652,0.0011930702833594818,0.004771993680787808,123668.12695583113,0.0014345475376180855,0.004576636233100182,4.651047192372478e6,0.000220970138049751,0.005558432174119299
